"ID","Pos_X","Pos_Y","Pos_Z","Scar_ID","Start_X","Start_Y","Start_Z","End_X","End_Y","End_Z","Length","Direct_X","Direct_Y","Direct_Z","Typology"
"EXP01_Levallois preferential",0.144019969272146,45.1994127565209,5.08531426295275,1,-12.6177892740169,107.599759139571,0.89239335653741,2.5572198576619,86.8704642402357,15.2431565306979,29.426671113991,0.515688950098873,-0.70443900429769,0.487678783596335,"Levallois preferential"
"EXP01_Levallois preferential",0.144019969272146,45.1994127565209,5.08531426295275,2,-41.1615153663228,79.5205894676695,3.52066975924798,-24.2406270811438,67.3109572444045,14.5847505747095,23.6179055734831,0.716443218579755,-0.516965070644256,0.468461556891129,"Levallois preferential"
"EXP01_Levallois preferential",0.144019969272146,45.1994127565209,5.08531426295275,3,10.767419741597,7.06606301460814,-5.67325472253596,3.50682185037495,23.5294470025232,-28.6896241334237,29.2149371885343,-0.248523481134559,0.563526249660271,-0.787828817236708,"Levallois preferential"
"EXP01_Levallois preferential",0.144019969272146,45.1994127565209,5.08531426295275,4,28.2422585778669,11.8936811370621,7.70290603864204,24.6092710580512,17.3875146237511,11.0078767526809,7.36910008883422,-0.49300287362367,0.745522983873339,0.448490409167684,"Levallois preferential"
"EXP01_Levallois preferential",0.144019969272146,45.1994127565209,5.08531426295275,5,25.6941773798914,9.50144279258094,6.4705406660554,10.7474185226541,26.4524004869109,-27.5017934022671,40.8026965915375,-0.366317917829412,0.415437191909654,-0.832600217784829,"Levallois preferential"
"EXP01_Levallois preferential",0.144019969272146,45.1994127565209,5.08531426295275,6,-7.71791152986123,-1.44323881527021,6.5568648402678,-1.2144491003606,11.81094081415,-18.7462605393282,29.2953316280328,0.221996545800404,0.452433165724509,-0.863725514388216,"Levallois preferential"
"EXP01_Levallois preferential",0.144019969272146,45.1994127565209,5.08531426295275,7,46.9734475476047,53.1862037383207,8.14167763068143,25.7089723806928,58.4507594550333,-33.8832021904544,47.3918133753024,-0.448695115304314,0.111085762324009,-0.886753994584147,"Levallois preferential"
"EXP01_Levallois preferential",0.144019969272146,45.1994127565209,5.08531426295275,8,-39.3703366524839,80.8758202282427,2.31746566509366,-19.8709625286835,68.7107416301699,-18.2609436858097,30.8494029104385,0.632082707740267,-0.394337570597079,-0.667060215416364,"Levallois preferential"
"EXP01_Levallois preferential",0.144019969272146,45.1994127565209,5.08531426295275,9,0.205544005359769,-0.678203850569787,3.11995979467338,1.35347003818817,15.8698065195413,-22.9476473337722,30.8978077343545,0.0371523456517612,0.535572313491737,-0.843671737249554,"Levallois preferential"
"EXP01_Levallois preferential",0.144019969272146,45.1994127565209,5.08531426295275,10,-20.5083482912058,5.87960507640314,2.64641103628235,-6.49514983842754,30.9527516585173,-29.9442467706975,43.4417240299782,0.32257463914434,0.577167392454584,-0.750215571198089,"Levallois preferential"
"EXP01_Levallois preferential",0.144019969272146,45.1994127565209,5.08531426295275,11,-21.5997932579572,100.20783387536,5.89037244856167,-13.7586359063174,89.2679901712028,-12.7460541493189,22.9886999463378,0.341087463403465,-0.4758791810626,-0.810677708673539,"Levallois preferential"
"EXP01_Levallois preferential",0.144019969272146,45.1994127565209,5.08531426295275,12,37.3131750563771,91.115670375625,6.75194332220325,15.354692112157,95.0865273121414,10.2452883450594,22.586414887507,-0.972198689060908,0.175807314099803,0.154665759938216,"Levallois preferential"
"EXP01_Levallois preferential",0.144019969272146,45.1994127565209,5.08531426295275,13,43.9890802032924,35.7445128346837,8.76956887751816,37.5302192006049,42.7604015560172,-10.6738385027912,21.6560769891235,-0.298247046587961,0.323968589733826,-0.897826849714038,"Levallois preferential"
"EXP01_Levallois preferential",0.144019969272146,45.1994127565209,5.08531426295275,14,42.320503086875,83.0784782215981,6.79733142575057,10.3231507290735,62.5772525575554,-36.1276836925073,57.3296409768977,-0.558129299478705,-0.357602547560069,-0.74874034420616,"Levallois preferential"
"EXP01_Levallois preferential",0.144019969272146,45.1994127565209,5.08531426295275,15,-45.6569530234337,58.1090015651229,7.76413770601376,-30.6816839874482,51.6032289078711,14.0018519738299,17.4783534652126,0.856789460505592,-0.372218851747125,0.356882258974286,"Levallois preferential"
"EXP01_Levallois preferential",0.144019969272146,45.1994127565209,5.08531426295275,16,19.1310387010362,7.18624297761,4.94781989751479,17.841472187094,10.6132015363338,-1.30176043930765,7.24322311843902,-0.178037662633835,0.473126190190089,-0.862817593028847,"Levallois preferential"
"EXP01_Levallois preferential",0.144019969272146,45.1994127565209,5.08531426295275,17,-15.1926615794657,1.24435313817864,6.69661052873752,-4.668801743076,9.22183473838847,-13.9082538023862,24.4735014381203,0.430010387479643,0.325964048110581,-0.841925475323659,"Levallois preferential"
"EXP01_Levallois preferential",0.144019969272146,45.1994127565209,5.08531426295275,18,-46.3676952618947,44.2369283845701,5.80968936751921,-40.1479912090103,46.226165643321,-4.9174280778556,12.5583769677428,0.495263366345838,0.158399231354531,-0.854180239447204,"Levallois preferential"
"EXP01_Levallois preferential",0.144019969272146,45.1994127565209,5.08531426295275,19,-48.2012936260008,48.8348645574236,5.93279766212614,-34.3236987058504,45.1166859258821,14.1733946189618,16.5626064165289,0.837887139931131,-0.224492361771686,0.497542279855894,"Levallois preferential"
"EXP01_Levallois preferential",0.144019969272146,45.1994127565209,5.08531426295275,20,-32.7879082253236,33.7551974992184,-6.48342040850938,-7.46502325598566,45.2896856563337,-34.8420594617461,39.7304081173189,0.637367854227992,0.290318894360596,-0.71377668634808,"Levallois preferential"
"EXP01_Levallois preferential",0.144019969272146,45.1994127565209,5.08531426295275,21,-33.3220694599257,18.5773770695582,12.3572724859936,-31.859649924014,31.8743163525256,-6.27915128865079,22.9404349632275,0.0637485530791335,0.579628908705604,-0.812383191710086,"Levallois preferential"
"EXP01_Levallois preferential",0.144019969272146,45.1994127565209,5.08531426295275,22,32.1373747019145,15.7681660398885,7.82606244853267,21.1628677835797,30.2804674941022,-21.5459222649536,34.5508347454562,-0.317633625907635,0.420027520641083,-0.850109264504789,"Levallois preferential"
"EXP01_Levallois preferential",0.144019969272146,45.1994127565209,5.08531426295275,23,40.949316058612,27.9081791460997,6.03285432980283,29.4404520869237,34.0970668639098,13.0858314702214,14.849268252872,-0.775045865944429,0.416780652919588,0.474971360225405,"Levallois preferential"
"EXP01_Levallois preferential",0.144019969272146,45.1994127565209,5.08531426295275,24,-28.0090052857083,9.20663403751464,9.45871376482601,-22.8620568251698,18.1328563933599,-8.71879518190135,20.8947446863986,0.246327415710846,0.42719939821307,-0.869956020977847,"Levallois preferential"
"EXP01_Levallois preferential",0.144019969272146,45.1994127565209,5.08531426295275,25,39.1507133789069,24.0118227440204,6.53825495981325,7.40701216419679,55.6009584700708,-36.0519610859116,61.8018006659121,-0.513637157375236,0.511136170559412,-0.689141992414732,"Levallois preferential"
"EXP01_Levallois preferential",0.144019969272146,45.1994127565209,5.08531426295275,26,11.4751305027585,2.89260066246995,3.66588430125586,9.27554184139519,6.5630133640414,-3.20563744513321,8.09493241418066,-0.271724153929941,0.453421043410027,-0.848867092991606,"Levallois preferential"
"EXP01_Levallois preferential",0.144019969272146,45.1994127565209,5.08531426295275,27,17.3918718997562,108.003549324853,3.63865988922759,9.72137294558486,94.7421270535494,13.3936761819189,18.1621093966107,-0.422335246785966,-0.730169716617765,0.537108112260996,"Levallois preferential"
"EXP01_Levallois preferential",0.144019969272146,45.1994127565209,5.08531426295275,28,0,0,4.181,4.61852778244065e-14,84.2393308085411,14.8766167135819,84.9156114737136,5.43896193207107e-16,0.992035850022916,0.125955834598128,"Levallois preferential"
"EXP01_Levallois preferential",0.144019969272146,45.1994127565209,5.08531426295275,29,45.3302441275018,44.5970334539002,6.77798845015913,30.8094896055622,48.8077928810205,14.0409085725532,16.77297873199,-0.865723062907431,0.251044223831836,0.433013136095023,"Levallois preferential"
"EXP01_Levallois preferential",0.144019969272146,45.1994127565209,5.08531426295275,30,-32.8112843829316,92.4740944116771,5.12614126237896,-27.4868935498585,90.0592131285012,-6.82625518366268,13.3056593282143,0.400159864440759,-0.181492793675788,-0.898294188300532,"Levallois preferential"
"EXP01_Levallois preferential",0.144019969272146,45.1994127565209,5.08531426295275,31,-45.7868428425784,57.2821422068074,6.8653609594662,-20.9533327097851,54.0251203534422,-27.0002485873408,42.1211458396567,0.589573470468431,-0.0773251009306289,-0.804004945063075,"Levallois preferential"
"EXP01_Levallois preferential",0.144019969272146,45.1994127565209,5.08531426295275,32,-32.9433046315604,91.4113037580765,5.828272402196,-17.2632710238181,75.299635052969,15.1658918051681,24.3442079049171,0.644097095661724,-0.661827600554348,0.383566367796509,"Levallois preferential"
"EXP01_Levallois preferential",0.144019969272146,45.1994127565209,5.08531426295275,33,47.5804116957175,64.8399720522961,2.95176877478933,30.5485679268269,67.8215937209974,14.3242441629466,20.6955784262583,-0.822970173536235,0.144070467966157,0.549512323546754,"Levallois preferential"
"EXP01_Levallois preferential",0.144019969272146,45.1994127565209,5.08531426295275,34,-27.2552425672527,97.0537921899607,4.43504693710598,-10.104141380819,81.0631825557283,15.3119959241165,25.8489436466507,0.663512653394486,-0.618617528546639,0.420788916394262,"Levallois preferential"
"EXP01_Levallois preferential",0.144019969272146,45.1994127565209,5.08531426295275,35,47.6989475173808,71.0379740231008,3.73023334541762,40.83729165438,69.0405926424184,-8.90059499834578,14.5123973971142,-0.472813393627526,-0.137632765009559,-0.870347469004331,"Levallois preferential"
"EXP02_Cylindrical bidirectional",6.33655039949741,4.73254884529137,5.4858439587417,1,21.8198243808399,-9.2715597645396,-1.75460403562775,3.56751425025995,-7.54507123584172,4.42325083487507,19.3466658249837,-0.943434403410714,0.0892395901348721,0.31932400788796,"Cylindrical bidirectional"
"EXP02_Cylindrical bidirectional",6.33655039949741,4.73254884529137,5.4858439587417,2,24.185619193756,-6.74171696712498,4.1055437297428,23.2487524861416,3.49797011202108,2.88866105004653,10.3542123873722,-0.0904816969716591,0.988939254484889,-0.117525373651825,"Cylindrical bidirectional"
"EXP02_Cylindrical bidirectional",6.33655039949741,4.73254884529137,5.4858439587417,3,24.3055816449252,5.03647299837163,0.416172702268511,28.4017284945869,35.9107086607343,-6.17733501584741,31.8350622863841,0.128667781856786,0.969818603922369,-0.207114647956444,"Cylindrical bidirectional"
"EXP02_Cylindrical bidirectional",6.33655039949741,4.73254884529137,5.4858439587417,4,8.98950697939181,-1.62144235713398,20.9022586264536,15.4677616645405,38.5889119682865,14.0138012636902,41.3072780945455,0.156830829432069,0.973444782137076,-0.166761347649119,"Cylindrical bidirectional"
"EXP02_Cylindrical bidirectional",6.33655039949741,4.73254884529137,5.4858439587417,5,24.5616934041664,-4.55166886510496,9.70990757058646,23.5681821216141,14.3470980366476,9.212412446647,18.9314013341242,-0.052479542587345,0.998276174499939,-0.026278832462482,"Cylindrical bidirectional"
"EXP02_Cylindrical bidirectional",6.33655039949741,4.73254884529137,5.4858439587417,6,7.92069454239695,11.2343316436785,-14.8837728968694,7.52743899942698,32.0004123007715,-16.6235861464244,20.8425455720335,-0.0188679229036997,0.996331306333178,-0.0834741247676312,"Cylindrical bidirectional"
"EXP02_Cylindrical bidirectional",6.33655039949741,4.73254884529137,5.4858439587417,7,-10.2920244099093,31.5312145926469,10.9167861315975,-12.8598857514343,15.3701672166853,13.1845680042632,16.5201755069177,-0.155437897160945,-0.978261239972556,0.137273473379022,"Cylindrical bidirectional"
"EXP02_Cylindrical bidirectional",6.33655039949741,4.73254884529137,5.4858439587417,8,4.43146230542914,-0.807254559257772,22.5576432548806,3.14619859549628,-4.01051409373284,10.8250097015336,12.2297777799271,-0.105092973319791,-0.261922954947932,-0.959349692567913,"Cylindrical bidirectional"
"EXP02_Cylindrical bidirectional",6.33655039949741,4.73254884529137,5.4858439587417,9,-4.77091038052951,56.3459862303806,7.44577079450615,-8.35254000024261,43.6456508466659,7.63726270218929,13.1970928140386,-0.271395349732108,-0.962358571139585,0.0145101584403076,"Cylindrical bidirectional"
"EXP02_Cylindrical bidirectional",6.33655039949741,4.73254884529137,5.4858439587417,10,0.923289068506513,-10.299621173807,-11.8781662461905,-2.47124961975193,-7.32206384655862,-4.86115165592476,8.34429351731684,-0.406809597626664,0.356837558634428,0.840935733588871,"Cylindrical bidirectional"
"EXP02_Cylindrical bidirectional",6.33655039949741,4.73254884529137,5.4858439587417,11,-13.2568951988312,47.7456774539196,2.16755903165575,-12.8762079841369,32.3604188230111,4.88577647199106,15.6281736600384,0.0243590340736828,-0.984456595222571,0.173930588401756,"Cylindrical bidirectional"
"EXP02_Cylindrical bidirectional",6.33655039949741,4.73254884529137,5.4858439587417,12,-14.4172605742632,2.08959625274687,4.36730468215718,-14.0749145991222,36.7351813883687,-2.94481012358252,35.4104616333737,0.00966793312907056,0.978399702729912,-0.20649589043618,"Cylindrical bidirectional"
"EXP02_Cylindrical bidirectional",6.33655039949741,4.73254884529137,5.4858439587417,13,7.46122981950647,-10.4309181846295,-8.91558976178018,8.35361503870131,9.44867942849603,-14.1681862006984,20.5811691113348,0.0433593064790168,0.965911970577859,-0.255213705815451,"Cylindrical bidirectional"
"EXP02_Cylindrical bidirectional",6.33655039949741,4.73254884529137,5.4858439587417,14,15.2980354427511,-2.53513442325043,20.9336230142798,13.8306313714571,-4.45544905740682,11.652171238176,9.59094521279042,-0.152998900393798,-0.200221624829581,-0.967730663681218,"Cylindrical bidirectional"
"EXP02_Cylindrical bidirectional",6.33655039949741,4.73254884529137,5.4858439587417,15,22.1000898090859,-8.94392972443162,-3.20801219492326,22.9380018550045,18.2215903413863,-9.36841573160007,27.8678694696554,0.0300673162988289,0.974797161849697,-0.221057571099388,"Cylindrical bidirectional"
"EXP02_Cylindrical bidirectional",6.33655039949741,4.73254884529137,5.4858439587417,16,-15.2661873356407,1.53934452239318,16.1590043253033,-2.71056784277904,-4.96347784433297,-3.86451007594282,24.5126785268284,0.512209201418763,-0.265284039017156,-0.816863582628517,"Cylindrical bidirectional"
"EXP02_Cylindrical bidirectional",6.33655039949741,4.73254884529137,5.4858439587417,17,-6.941429024535,-6.11647396660544,-9.68325781940655,-6.5189403223987,7.15168123189828,-13.6583926427463,13.8572773638526,0.0304885794693251,0.957486441969788,-0.286862615141777,"Cylindrical bidirectional"
"EXP02_Cylindrical bidirectional",6.33655039949741,4.73254884529137,5.4858439587417,18,23.3421379234042,-4.28447564771584,14.4088643074583,17.9398310569404,-7.95141496809545,3.15316573240818,13.0123830973106,-0.415166601387592,-0.281803824323117,-0.864999016004725,"Cylindrical bidirectional"
"EXP02_Cylindrical bidirectional",6.33655039949741,4.73254884529137,5.4858439587417,19,0,0,20.464,0,48.6234355710343,11.1554388093816,49.5064419865739,0,0.982163807777196,-0.18802727114065,"Cylindrical bidirectional"
"EXP03_Conical unidirectional",-15.5723401914466,19.2978265616272,3.22352440084914,1,-28.7112266632826,26.7004667010568,-2.91449101455696,-24.0984711826694,16.1453597605435,-4.33372796309157,11.6061203322078,0.397441638426973,-0.909443176392219,-0.122283494217799,"Conical unidirectional"
"EXP03_Conical unidirectional",-15.5723401914466,19.2978265616272,3.22352440084914,2,-25.7625538396031,17.8774043384902,13.9470053172964,-19.3390624016295,0.553845453222084,0.97493923417663,22.5752393823387,0.284537024355935,-0.767369886621039,-0.574614774329623,"Conical unidirectional"
"EXP03_Conical unidirectional",-15.5723401914466,19.2978265616272,3.22352440084914,3,-28.497965849481,27.3940778334736,-3.37407095317455,-17.6327395167732,5.58519187057192,-6.88002746272802,24.6165062762915,0.441379707207773,-0.885945621938485,-0.142422993344515,"Conical unidirectional"
"EXP03_Conical unidirectional",-15.5723401914466,19.2978265616272,3.22352440084914,4,-8.88178419700125e-15,17.0408562770372,22.53159736365,0,0,4.439,24.8542322757673,3.57355000888961e-16,-0.685631971567752,-0.72794834951672,"Conical unidirectional"
"EXP03_Conical unidirectional",-15.5723401914466,19.2978265616272,3.22352440084914,5,-15.4518277308159,5.34147204632154,-9.11492197804102,-7.9391244690162,-4.8535017703807,-8.61106289191174,12.6740709877204,0.592761652438161,-0.804396142847862,0.039755109989321,"Conical unidirectional"
"EXP03_Conical unidirectional",-15.5723401914466,19.2978265616272,3.22352440084914,6,-8.98021917967666,13.6183541782058,21.3172372083381,-9.03980860845847,-0.516293710832172,8.47411705601958,19.0981034946929,-0.00312017519427361,-0.740107408725995,-0.672481440677473,"Conical unidirectional"
"EXP03_Conical unidirectional",-15.5723401914466,19.2978265616272,3.22352440084914,7,-6.8383345752397,14.6782304848687,-10.1502216149002,-3.03140075724793,-0.221758735590825,-10.453909864843,15.3816335419074,0.247498668305921,-0.968687050036936,-0.0197435629392248,"Conical unidirectional"
"EXP03_Conical unidirectional",-15.5723401914466,19.2978265616272,3.22352440084914,8,-15.3520606277255,8.02614748838941,16.4822472117942,-13.1569788466647,-5.67868621565301,-3.25038154432708,24.1250386218946,0.0909877001841839,-0.568075099022004,-0.817931488748498,"Conical unidirectional"
"EXP03_Conical unidirectional",-15.5723401914466,19.2978265616272,3.22352440084914,9,-8.24743565317861,31.5441974426764,-8.59075146676765,-2.35489725767443,15.3972239702423,-7.9676464906624,17.1998552573336,0.342592324606437,-0.938785427601163,0.0362273383573722,"Conical unidirectional"
"EXP03_Conical unidirectional",-15.5723401914466,19.2978265616272,3.22352440084914,10,-17.8817777954627,30.7570588257529,-7.89838606514683,-13.1766724834125,18.5233697928739,-10.0629563316256,13.2848232125682,0.354171465947624,-0.920877066794926,-0.162935571805803,"Conical unidirectional"
"EXP04_Levallois preferential",-5.67773486924749,38.8309410057246,3.01760969492542,1,44.7177918879686,-11.4906443899473,-0.000322819450515766,45.4250492090694,84.9632578637983,-0.000322819450274181,96.4564952343457,0.00733239704990883,0.99997311761542,2.50459577213015e-15,"Levallois preferential"
"EXP04_Levallois preferential",-5.67773486924749,38.8309410057246,3.01760969492542,2,27.2672696154461,61.3549936551072,5.16590555515064,22.9483018738131,58.1396808690307,-9.7700537776022,15.8768573670994,-0.272029132829704,-0.202515693863911,-0.940737766133973,"Levallois preferential"
"EXP04_Levallois preferential",-5.67773486924749,38.8309410057246,3.01760969492542,3,-33.401982931496,44.8056507021582,4.40822946133716,-14.3439587552685,42.6252328971241,-20.7434070737323,31.631745568312,0.602496758677758,-0.0689313145973977,-0.795139063089388,"Levallois preferential"
"EXP04_Levallois preferential",-5.67773486924749,38.8309410057246,3.01760969492542,4,-33.2198811556841,18.9886727831926,3.92468059440231,-14.3226576615645,28.5525230204383,-17.6678174520561,30.2457973780405,0.624788404746759,0.316204268570198,-0.713900770297936,"Levallois preferential"
"EXP04_Levallois preferential",-5.67773486924749,38.8309410057246,3.01760969492542,5,-36.7833353045528,38.5902242194459,3.59672912557399,-26.2836646117652,35.2499808268667,10.6705629503326,13.0934882884185,0.801900185917214,-0.255107219634791,0.540255863749894,"Levallois preferential"
"EXP04_Levallois preferential",-5.67773486924749,38.8309410057246,3.01760969492542,6,-13.6246721400071,1.4672517383368,4.41753446690676,-11.5143804867223,8.35723512196422,-8.89774029877334,15.1400708047929,0.139384529999476,0.455082639471293,-0.879472423699951,"Levallois preferential"
"EXP04_Levallois preferential",-5.67773486924749,38.8309410057246,3.01760969492542,7,-28.9194902521083,54.5624903449723,-1.18406112591312,-13.794952761543,51.0893124630793,-20.5059351852602,24.7820381742111,0.610302404678897,-0.14014900055748,-0.779672516179643,"Levallois preferential"
"EXP04_Levallois preferential",-5.67773486924749,38.8309410057246,3.01760969492542,8,10.8970897262012,74.1475233744989,3.16107063626505,9.39323204895987,51.8225338075296,-21.2153943962643,33.0889527570881,-0.0454489354281305,-0.674696166145269,-0.736694969208644,"Levallois preferential"
"EXP04_Levallois preferential",-5.67773486924749,38.8309410057246,3.01760969492542,9,12.1938132432034,-1.26847864137266,5.0214905410334,17.5916959564386,7.94340435610528,-6.189181964503,15.4814438658497,0.348667912373616,0.595027380992434,-0.72413610789016,"Levallois preferential"
"EXP04_Levallois preferential",-5.67773486924749,38.8309410057246,3.01760969492542,10,2.43285344339062,-0.471693062169793,-0.970796321947294,3.23215096365116,6.58409561767806,-7.9107463237512,9.92904509245988,0.0805009457422577,0.710621073239562,-0.698954424839313,"Levallois preferential"
"EXP04_Levallois preferential",-5.67773486924749,38.8309410057246,3.01760969492542,11,-29.8413752327057,11.2911824703101,3.05785155842662,-22.7894276956271,15.0653290128277,8.86102244648878,9.88184894370275,0.713626324107343,0.38192716403773,0.587255575461943,"Levallois preferential"
"EXP04_Levallois preferential",-5.67773486924749,38.8309410057246,3.01760969492542,12,-29.8808810441995,57.7240420803,4.40280023303673,-22.0942042761443,54.1316220846315,10.1660568934034,10.3321316217279,0.753637008618842,-0.347693982925448,0.557799384615546,"Levallois preferential"
"EXP04_Levallois preferential",-5.67773486924749,38.8309410057246,3.01760969492542,13,35.6342697423097,30.0750530310327,4.5303467572941,24.06480099548,21.976918936946,11.8900322339582,15.9247402868963,-0.726509100832848,-0.508525347867073,0.462154191784212,"Levallois preferential"
"EXP04_Levallois preferential",-5.67773486924749,38.8309410057246,3.01760969492542,14,-25.2867985520503,61.255092229508,4.969301007913,-19.3999689422125,56.9278011535059,9.75734490069566,8.73530624711712,0.673912218221381,-0.495379435315183,0.548125475779723,"Levallois preferential"
"EXP04_Levallois preferential",-5.67773486924749,38.8309410057246,3.01760969492542,15,-32.4241606452736,47.6957027176876,6.4295726609926,-24.1746234135845,45.2532856188395,10.5914269002625,9.55726407141182,0.863169330683824,-0.255556096451697,0.435465025154961,"Levallois preferential"
"EXP04_Levallois preferential",-5.67773486924749,38.8309410057246,3.01760969492542,16,-10.6135090538921,72.9501893600399,-4.85660095627381,-9.07387276015457,72.4222255799026,-6.68352477171216,2.44680941177411,0.629242427435791,-0.215776421979057,-0.746655545236644,"Levallois preferential"
"EXP04_Levallois preferential",-5.67773486924749,38.8309410057246,3.01760969492542,17,-21.0718652549006,66.1232201843866,-2.57480867603939,-10.6411596720038,60.5071944869147,-17.7211531098711,19.2289134716448,0.542449036357567,-0.292061520051736,-0.787685921836754,"Levallois preferential"
"EXP04_Levallois preferential",-5.67773486924749,38.8309410057246,3.01760969492542,18,-24.3404841901004,64.468535116161,1.51265750722876,-10.8689465684432,63.7087020495024,9.00748444265233,15.43476928797,0.872804599169291,-0.0492286637060943,0.485580755733427,"Levallois preferential"
"EXP04_Levallois preferential",-5.67773486924749,38.8309410057246,3.01760969492542,19,-35.985926753956,23.0820809311693,5.00832825603917,-30.7549329673806,24.8973106594854,9.29085816635423,6.99988695583693,0.747296894875348,0.259322720462284,0.611799867245575,"Levallois preferential"
"EXP04_Levallois preferential",-5.67773486924749,38.8309410057246,3.01760969492542,20,-22.9782975687354,6.13230780657982,3.56778533080889,-17.7484853185304,10.2286288255356,-7.61931808020558,13.0108441229409,0.401957951443271,0.314838989711137,-0.859829178284384,"Levallois preferential"
"EXP04_Levallois preferential",-5.67773486924749,38.8309410057246,3.01760969492542,21,0,0,0.446,3.10862446895044e-15,66.0573786007636,9.23209844585623,66.6391235949641,4.6648639736693e-17,0.991270218411989,0.131845948323969,"Levallois preferential"
"EXP04_Levallois preferential",-5.67773486924749,38.8309410057246,3.01760969492542,22,20.753447555988,68.7983522458057,2.16087029582704,14.0036062323206,59.6510362171467,10.7049632216597,14.2209448472355,-0.47464084814164,-0.643228430102323,0.600810495899902,"Levallois preferential"
"EXP04_Levallois preferential",-5.67773486924749,38.8309410057246,3.01760969492542,23,-12.7468053270277,73.891922193861,0.86415732378395,-10.4261589400931,72.6127074776731,-2.68114982185706,4.42617133652071,0.52430107433636,-0.289011567544386,-0.800987326538488,"Levallois preferential"
"EXP04_Levallois preferential",-5.67773486924749,38.8309410057246,3.01760969492542,24,34.3304844374604,43.4422838549309,6.05611573331596,23.5348932426225,40.106169204247,-20.6028030062677,28.9546610854331,-0.372844674748036,-0.115218570192912,-0.920712511913861,"Levallois preferential"
"EXP04_Levallois preferential",-5.67773486924749,38.8309410057246,3.01760969492542,25,-36.2757821119715,30.7131797889632,5.03941963166412,-34.1415815918983,30.9633583692237,-2.99416280505309,8.31599951595916,0.256637884114524,0.0300840061113922,-0.966039310283753,"Levallois preferential"
"EXP04_Levallois preferential",-5.67773486924749,38.8309410057246,3.01760969492542,26,-28.7393036144607,58.8762012317631,3.16054612719845,-27.1981542292936,57.8188720975776,0.444298766964563,3.29713300419865,0.467421054353765,-0.320681371615602,-0.823820985315105,"Levallois preferential"
"EXP04_Levallois preferential",-5.67773486924749,38.8309410057246,3.01760969492542,27,31.5039458076132,52.8248666641585,5.50034380896964,22.1176381933718,43.9290326667642,12.2330361546858,14.5797043646442,-0.64379272579787,-0.610151877905467,0.461785244565243,"Levallois preferential"
"EXP04_Levallois preferential",-5.67773486924749,38.8309410057246,3.01760969492542,28,3.72658792833328,76.3823806648169,4.09892992170023,-1.9127375253463,62.0461418709393,-18.1165700012955,27.0343886773165,-0.208598223580743,-0.530296392679541,-0.821749668104603,"Levallois preferential"
"EXP04_Levallois preferential",-5.67773486924749,38.8309410057246,3.01760969492542,29,35.7878463946916,29.679983561588,3.30233791881454,26.6622471788005,30.9835602301853,-9.45522816531771,15.73948428542,-0.579790230124907,0.0828220699584703,-0.810545368119207,"Levallois preferential"
"EXP04_Levallois preferential",-5.67773486924749,38.8309410057246,3.01760969492542,30,26.557105273091,8.83566331445444,6.31187629370376,21.3022537919022,15.1486457193304,-8.57705152850641,17.0043342306781,-0.309030121961983,0.371257252370782,-0.875596046292044,"Levallois preferential"
"EXP05_Levallois preferential",6.44216908487543,44.0294820874874,4.72609845120861,1,45.4895438426875,39.3082874953821,-1.09166726499386,40.6304934126714,43.1068057307859,-9.53856901167065,10.4589321149029,-0.464583800395121,0.36318413712537,-0.807625640350111,"Levallois preferential"
"EXP05_Levallois preferential",6.44216908487543,44.0294820874874,4.72609845120861,2,45.0147302972943,42.6558013911876,0.699650327512384,20.335067913243,35.8936598162345,15.1267280887051,29.376059415755,-0.840128420043129,-0.230192262319785,0.491116849847299,"Levallois preferential"
"EXP05_Levallois preferential",6.44216908487543,44.0294820874874,4.72609845120861,3,28.9628633117862,80.4859299981671,5.94491229706387,16.8330327826143,68.6815267887827,14.1368999260815,18.8038662277238,-0.645071092416517,-0.627764687667282,0.43565443030751,"Levallois preferential"
"EXP05_Levallois preferential",6.44216908487543,44.0294820874874,4.72609845120861,4,-15.808323880161,4.34807673584899,5.61652450795711,-10.0284247099521,7.4146254415764,-6.65484521657124,13.9067419009073,0.415618497229157,0.2205080620305,-0.88240436271617,"Levallois preferential"
"EXP05_Levallois preferential",6.44216908487543,44.0294820874874,4.72609845120861,5,-6.7109197205719,1.50869834597265,4.25262709436721,4.54034350186971,13.9969531498616,-13.5091125157296,24.4545870160263,0.46008804871937,0.510671261620764,-0.726315255230302,"Levallois preferential"
"EXP05_Levallois preferential",6.44216908487543,44.0294820874874,4.72609845120861,6,34.5104248917303,73.8756427712162,1.8201445165866,28.089702628474,68.6866200275693,-7.35868039731626,12.3451390521146,-0.520101250877087,-0.420329226081752,-0.743517337079375,"Levallois preferential"
"EXP05_Levallois preferential",6.44216908487543,44.0294820874874,4.72609845120861,7,-15.1451239531184,91.3935743929,8.78828730321153,-18.3201044622745,78.4930158938492,-15.6402784591704,27.8075481844043,-0.114176930957791,-0.463922903720291,-0.878486862645534,"Levallois preferential"
"EXP05_Levallois preferential",6.44216908487543,44.0294820874874,4.72609845120861,8,16.2682679443565,86.656722535382,9.59989817193015,15.5736807193019,79.1683354641725,13.465445243668,8.45581731740269,-0.0821431209996874,-0.885589977895785,0.457146474035372,"Levallois preferential"
"EXP05_Levallois preferential",6.44216908487543,44.0294820874874,4.72609845120861,9,26.8357698515056,7.93997743169843,8.11313895997057,21.628363881852,5.68881070047424,0.971813656455623,9.12049097774771,-0.570956759055921,-0.246825169469123,-0.782997902299168,"Levallois preferential"
"EXP05_Levallois preferential",6.44216908487543,44.0294820874874,4.72609845120861,10,-41.5910631163514,62.9318899418618,2.61140667359009,-26.3935346282885,63.7228001025189,-14.8615703843906,23.1710020995302,0.655885680851543,0.0341336191356677,-0.754088104732205,"Levallois preferential"
"EXP05_Levallois preferential",6.44216908487543,44.0294820874874,4.72609845120861,11,0,0,5.058,7.105427357601e-14,81.9345843451003,12.7751443659986,82.2972079050682,8.63386199662726e-16,0.995593731923613,0.0937716425920617,"Levallois preferential"
"EXP05_Levallois preferential",6.44216908487543,44.0294820874874,4.72609845120861,12,-18.783285366028,89.0075964799292,9.1418391999042,-16.0430010781591,79.4427487961028,11.1618309364693,10.1526270397829,0.269908889308266,-0.942105688148167,0.198962468398555,"Levallois preferential"
"EXP05_Levallois preferential",6.44216908487543,44.0294820874874,4.72609845120861,13,23.4704481024862,82.9206932770175,6.4697998185613,0.630814597131671,63.675368815374,-23.6606643146325,42.4249483343766,-0.538353831932608,-0.453632242753946,-0.710206265797129,"Levallois preferential"
"EXP05_Levallois preferential",6.44216908487543,44.0294820874874,4.72609845120861,14,-42.9173300921384,28.3760426275586,2.95349152288473,-18.4551362504689,47.2761740610491,-26.8892704867642,42.9674800298456,0.569318792367575,0.439870604940348,-0.694542988998189,"Levallois preferential"
"EXP05_Levallois preferential",6.44216908487543,44.0294820874874,4.72609845120861,15,4.81724664899639,-0.686904117854672,5.15040686422063,6.08615039458354,1.85770125041082,-2.09629561822908,7.78458926757947,0.163002016159255,0.326877280329101,-0.930903639660233,"Levallois preferential"
"EXP05_Levallois preferential",6.44216908487543,44.0294820874874,4.72609845120861,16,-36.5448924085717,18.9316684050236,2.06129906524023,-25.4144788128953,21.7491954712867,11.8334908454095,15.0771448811886,0.738230857591847,0.186874046012417,0.648146042050829,"Levallois preferential"
"EXP05_Levallois preferential",6.44216908487543,44.0294820874874,4.72609845120861,17,38.329729166913,68.5107406115989,-0.432295041551765,17.191970133418,60.9351666666183,15.7696979012066,27.6893256124298,-0.763390171698735,-0.273591854529674,0.585134978350115,"Levallois preferential"
"EXP05_Levallois preferential",6.44216908487543,44.0294820874874,4.72609845120861,18,25.5340880196267,83.3092930334026,6.33393339419261,17.936684782975,78.1432408858616,-2.47376719576874,12.7273021655732,-0.596937445015042,-0.405903158449004,-0.692032017106172,"Levallois preferential"
"EXP05_Levallois preferential",6.44216908487543,44.0294820874874,4.72609845120861,19,17.5119391955024,1.07299005538595,6.05904091035006,21.280650709425,13.18268856585,12.5200429369532,14.2335003311651,0.264777561825097,0.850788508006643,0.45392924272158,"Levallois preferential"
"EXP05_Levallois preferential",6.44216908487543,44.0294820874874,4.72609845120861,20,46.7613258914949,52.9881631165148,0.50432950645812,10.860210932738,43.4113459035849,-30.8300191118483,48.6050088627223,-0.738629943678323,-0.197033545245887,-0.644673241533721,"Levallois preferential"
"EXP05_Levallois preferential",6.44216908487543,44.0294820874874,4.72609845120861,21,-26.3076328854758,85.9691423764891,5.44300756865995,-23.4477256802568,73.3715439937912,7.37970943630989,13.0625176883469,0.218939968040798,-0.964408139629641,0.148264057041445,"Levallois preferential"
"EXP05_Levallois preferential",6.44216908487543,44.0294820874874,4.72609845120861,22,-45.0762410496133,35.5126776760294,5.14876131901219,-42.3883316837236,35.1927384806773,6.38801703192359,2.97707449855453,0.902869366283841,-0.107467648359974,0.416266275336102,"Levallois preferential"
"EXP05_Levallois preferential",6.44216908487543,44.0294820874874,4.72609845120861,23,16.1733925207857,0.454548510433219,4.31988912081347,16.3435854463734,18.5096058589895,-18.9917790047225,29.4864024982144,0.00577191217538376,0.612318079482555,-0.790590446798237,"Levallois preferential"
"EXP05_Levallois preferential",6.44216908487543,44.0294820874874,4.72609845120861,24,33.8171008238744,19.2363170085513,8.85993699306515,21.1628656791648,18.5872095409453,-16.0952410239044,27.9877101146333,-0.452135422758052,-0.0231925893525197,-0.891647723760075,"Levallois preferential"
"EXP06_Levallois convergent",19.7726991516669,23.3731069911137,-1.41762367422073,1,14.0532983116124,63.1102605355152,-3.03928251627962,11.5476182010003,60.7968102955831,-4.99570608795263,3.93167623554596,-0.637305810676488,-0.588413211397319,-0.497605462521342,"Levallois convergent"
"EXP06_Levallois convergent",19.7726991516669,23.3731069911137,-1.41762367422073,2,5.29758582988083,-3.33050700646009,-0.248631604995469,13.8918666613207,-1.43682513828007,-5.3339311600214,10.164052616544,0.845556507396563,0.186311694716896,-0.500322041500317,"Levallois convergent"
"EXP06_Levallois convergent",19.7726991516669,23.3731069911137,-1.41762367422073,3,29.4844592150482,1.0388367864442,1.06328628714966,8.95085959196403,43.9363185260455,12.663301849597,48.9528652290095,-0.419456543085366,0.876301755554448,0.236962954225059,"Levallois convergent"
"EXP06_Levallois convergent",19.7726991516669,23.3731069911137,-1.41762367422073,4,47.5316875984656,19.4103114924286,-8.69122726957847,35.1838082695881,22.5051000033918,-20.4349465466666,17.319433660116,-0.712949370701001,0.178688782306434,-0.678066009983461,"Levallois convergent"
"EXP06_Levallois convergent",19.7726991516669,23.3731069911137,-1.41762367422073,5,38.690371105431,45.3444850666969,0.249507816200112,33.8379813675196,42.5957042467142,-6.06711831320114,8.42622381755479,-0.575867653527337,-0.326217399335634,-0.749639015788009,"Levallois convergent"
"EXP06_Levallois convergent",19.7726991516669,23.3731069911137,-1.41762367422073,6,39.7343567799174,10.7098073136281,-1.2145686401386,24.252641833059,13.3142594394457,-16.6406181366503,22.0097630982317,-0.703402161929775,0.118331674638824,-0.700873036554903,"Levallois convergent"
"EXP06_Levallois convergent",19.7726991516669,23.3731069911137,-1.41762367422073,7,44.206089184543,13.8497594137605,2.00403931178221,22.7873728756696,53.1717124423577,5.05345588227607,44.8806900540043,-0.477236786758415,0.876144127491836,0.067944957326292,"Levallois convergent"
"EXP06_Levallois convergent",19.7726991516669,23.3731069911137,-1.41762367422073,8,-12.5993786191326,20.6523191257558,-3.48779468075512,-4.26053847505877,18.7480934059044,-10.7625124583667,11.2287064831377,0.742635864299811,-0.169585492568618,-0.647867836650294,"Levallois convergent"
"EXP06_Levallois convergent",19.7726991516669,23.3731069911137,-1.41762367422073,9,-2.67497806764505,-0.927268971765338,-4.43451786111616,12.0716670601824,9.16121480218569,-18.2801957310337,22.6040669584231,0.652389021628355,0.446312771613504,-0.612530386473578,"Levallois convergent"
"EXP06_Levallois convergent",19.7726991516669,23.3731069911137,-1.41762367422073,10,0,0,5.352,8.12683254025615e-14,62.8934332406817,3.15984592948707,62.9316254697823,1.29137496125194e-15,0.999393115483424,-0.0348339019395826,"Levallois convergent"
"EXP06_Levallois convergent",19.7726991516669,23.3731069911137,-1.41762367422073,11,6.32139294054347,-3.87656011078408,4.46495502538443,10.4836409223394,-2.81551498537326,1.45576799811255,5.24455256291933,0.793632618199758,0.202313755593327,-0.573773833166972,"Levallois convergent"
"EXP06_Levallois convergent",19.7726991516669,23.3731069911137,-1.41762367422073,12,-6.26633823966799,7.62767749366277,-9.15087864631571,5.28938174937375,7.6956287949528,-16.1703675673732,13.5208175254803,0.854661337398032,0.00502567993111226,-0.519161574943907,"Levallois convergent"
"EXP06_Levallois convergent",19.7726991516669,23.3731069911137,-1.41762367422073,13,48.9609285775385,18.5203755074751,-2.07755919373771,46.8894147956731,18.4346306013563,-5.54520673506013,4.04018576407358,-0.512727360282736,-0.0212230108034485,-0.858289134167463,"Levallois convergent"
"EXP06_Levallois convergent",19.7726991516669,23.3731069911137,-1.41762367422073,14,21.0781042354388,7.31779679563726,-13.6882565948113,14.4159340956548,9.81992534929175,-17.5655128788181,8.10421338331562,-0.822062527808009,0.308744160019983,-0.478424752732822,"Levallois convergent"
"EXP06_Levallois convergent",19.7726991516669,23.3731069911137,-1.41762367422073,15,44.77595274625,13.617873683439,0.136767380147551,41.2867653657914,13.467774001958,-4.03391163027548,5.43980899465369,-0.641417260033907,-0.0275928220326179,-0.76669585541,"Levallois convergent"
"EXP06_Levallois convergent",19.7726991516669,23.3731069911137,-1.41762367422073,16,48.0248559693741,28.6106530118842,-1.09949150865742,35.840184037965,23.8730433684978,-19.7997773719477,22.8169206199687,-0.534019122665725,-0.2076358033713,-0.819579739735972,"Levallois convergent"
"EXP06_Levallois convergent",19.7726991516669,23.3731069911137,-1.41762367422073,17,30.7226775323203,52.2022668333779,2.10211192285098,19.6081627874023,46.747167832826,-13.0048661077685,19.5323149764292,-0.569032127442679,-0.279285840267005,-0.773435102231863,"Levallois convergent"
"EXP06_Levallois convergent",19.7726991516669,23.3731069911137,-1.41762367422073,18,3.16393360332071,67.0121139142867,2.86770042266512,20.8150264673447,54.0232238453769,3.57463537725893,21.9265159463753,0.805011288943146,-0.592382761615031,0.0322410982357037,"Levallois convergent"
"EXP06_Levallois convergent",19.7726991516669,23.3731069911137,-1.41762367422073,19,-11.6315836990216,7.90278748088968,0.409012320736436,-6.99400934295801,7.52756580003392,-8.44184872875284,9.99928140093922,0.463790763567066,-0.0375248646188231,-0.885149711724077,"Levallois convergent"
"EXP06_Levallois convergent",19.7726991516669,23.3731069911137,-1.41762367422073,20,-10.2791185728716,41.4830753373275,-1.70169719251783,-8.24408254929694,38.9424888041935,-4.72210007033327,4.44058386858129,0.458281181889903,-0.57212893806816,-0.680181473248569,"Levallois convergent"
"EXP06_Levallois convergent",19.7726991516669,23.3731069911137,-1.41762367422073,21,41.8209542028388,38.3458993799724,-2.35046376397398,26.4431851399478,31.7669303408606,-17.5241207595123,22.5831459630284,-0.680940073099931,-0.291322079301193,-0.671901825386931,"Levallois convergent"
"EXP06_Levallois convergent",19.7726991516669,23.3731069911137,-1.41762367422073,22,14.5841307024873,65.5863907213299,1.34726815310472,13.0914541186599,64.4118680950646,-0.685786819567757,2.78224716828395,-0.536500351529878,-0.422148916046808,-0.730724069323587,"Levallois convergent"
"EXP07_Levallois preferential",-7.09554095471316,-44.5968576527846,2.25176342648673,1,10.696065151737,-83.3458314146782,1.76352060455714,6.69538970340816,-75.1434425699797,-14.1075309135921,18.3077814902364,-0.218523224698876,0.448027460294566,-0.866901952408233,"Levallois preferential"
"EXP07_Levallois preferential",-7.09554095471316,-44.5968576527846,2.25176342648673,2,5.10400309518679,-86.0984101980368,-4.30409074170394,3.98330116193038,-78.8399068314656,-13.5692274450719,11.8230538389126,-0.0947895483286985,0.613927963575848,-0.783650047576885,"Levallois preferential"
"EXP07_Levallois preferential",-7.09554095471316,-44.5968576527846,2.25176342648673,3,22.5440775458325,-69.4561787084979,2.42975472766866,15.5238709096188,-66.8028424004567,-9.96365494017679,14.4886196020792,-0.484532469553295,0.183132443318511,-0.855389264693437,"Levallois preferential"
"EXP07_Levallois preferential",-7.09554095471316,-44.5968576527846,2.25176342648673,4,24.1967341016589,-61.6322971887211,-0.0723312163537058,16.7651690450574,-54.900714534165,-14.4325856373193,17.5145445633189,-0.424308210226919,0.384342432098077,-0.81990452957827,"Levallois preferential"
"EXP07_Levallois preferential",-7.09554095471316,-44.5968576527846,2.25176342648673,5,24.1225662175901,-44.9849238046253,5.0582308836244,19.0870934637965,-47.3892977243286,-11.0762296653856,17.0721356896994,-0.294952713902792,-0.140836153332237,-0.945075697749104,"Levallois preferential"
"EXP07_Levallois preferential",-7.09554095471316,-44.5968576527846,2.25176342648673,6,17.7938994621511,-29.8274176883319,2.98036085958089,11.0640201549642,-43.2115703623316,-14.2466399685907,22.8297257062817,-0.294785815378197,-0.586259898440963,-0.754586412899016,"Levallois preferential"
"EXP07_Levallois preferential",-7.09554095471316,-44.5968576527846,2.25176342648673,7,5.46102894918647,-17.0886048062369,1.59317574078511,4.97815764154176,-17.1604135426629,-3.94812198271664,5.56276025502262,-0.0868042636223129,-0.0129088317910339,-0.996141747884697,"Levallois preferential"
"EXP07_Levallois preferential",-7.09554095471316,-44.5968576527846,2.25176342648673,8,-7.57511044022574,-15.0264597440231,3.46864712190014,-6.74277427539675,-16.5651957195151,-3.14592297746068,6.84200478609259,0.12165091823976,-0.224895483648262,-0.966759057638478,"Levallois preferential"
"EXP07_Levallois preferential",-7.09554095471316,-44.5968576527846,2.25176342648673,9,-19.6880406115655,-18.5049766145471,3.07901250989736,-12.0507568015715,-25.6304423440552,-9.20020205715819,16.1207777802618,0.473754052943098,-0.442005083540854,-0.761701124749092,"Levallois preferential"
"EXP07_Levallois preferential",-7.09554095471316,-44.5968576527846,2.25176342648673,10,-30.1877102606824,-27.0246167324942,1.49550409764528,-25.5401300003052,-29.2354670092121,-4.81179814567247,8.14063405462207,0.570911335553576,-0.271582073568658,-0.774792503998703,"Levallois preferential"
"EXP07_Levallois preferential",-7.09554095471316,-44.5968576527846,2.25176342648673,11,-32.4569040237727,-38.1280717504764,4.83181369268475,-25.4335745013683,-40.3964878275849,-7.98384942620208,14.7889854370054,0.474902727595528,-0.153385510234692,-0.866568107290114,"Levallois preferential"
"EXP07_Levallois preferential",-7.09554095471316,-44.5968576527846,2.25176342648673,12,-34.6376389866505,-54.366107806351,3.12348939916187,-26.1955432404585,-51.6384497033247,-6.63391500161138,13.1877230769799,0.640148090531889,0.20683313465898,-0.739885448292854,"Levallois preferential"
"EXP07_Levallois preferential",-7.09554095471316,-44.5968576527846,2.25176342648673,13,-33.4853656651576,-57.9743422020852,3.43357220780695,-31.57702556865,-57.0852718963926,1.68911227164028,2.73410833751954,0.697975303436211,0.325177423839457,-0.638036142250785,"Levallois preferential"
"EXP07_Levallois preferential",-7.09554095471316,-44.5968576527846,2.25176342648673,14,-30.0488390558032,-68.038959939085,3.45472578086118,-25.8151036941616,-68.3264356224096,-5.19687444209162,9.63625154293485,0.43935500674489,-0.0298327292561511,-0.897818014028081,"Levallois preferential"
"EXP07_Levallois preferential",-7.09554095471316,-44.5968576527846,2.25176342648673,15,-14.2518208432995,-84.6627614715126,1.21381693101919,-1.94407052960505,-75.7252194799648,-13.6200672455985,21.2462818959044,0.579289608129833,0.420663814748251,-0.698187299278807,"Levallois preferential"
"EXP07_Levallois preferential",-7.09554095471316,-44.5968576527846,2.25176342648673,16,25.1797883566425,-50.6295564491412,3.81085476458865,16.8676073068497,-51.1215732304512,6.46990873518242,8.74099550029375,-0.950942149496983,-0.0562884148943219,0.304204935296491,"Levallois preferential"
"EXP07_Levallois preferential",-7.09554095471316,-44.5968576527846,2.25176342648673,17,20.6739721316247,-34.8028251803531,0.7471585519279,16.5966234208386,-37.8188659378948,5.69746038897676,7.08708421273454,-0.575321047188864,-0.425568635423054,0.698496262843022,"Levallois preferential"
"EXP07_Levallois preferential",-7.09554095471316,-44.5968576527846,2.25176342648673,18,15.0549055491068,-24.8171515432948,0.23640028639918,6.70544973196329,-29.6966193732948,5.91468483560249,11.2145233589376,-0.744521684061521,-0.435102560655083,0.506333115323881,"Levallois preferential"
"EXP07_Levallois preferential",-7.09554095471316,-44.5968576527846,2.25176342648673,19,2.71404935232596,-16.3277696336135,1.0296954437981,-2.34525959568875,-27.1795810618311,6.19854283524401,13.0412960115594,-0.387945258165316,-0.832111426548325,0.396344610755283,"Levallois preferential"
"EXP07_Levallois preferential",-7.09554095471316,-44.5968576527846,2.25176342648673,20,-20.7201639127247,-18.6324588042981,3.68631558548959,-19.4344173007252,-25.1168681371945,6.34793689220949,7.12635508006776,0.180421351104955,-0.909919483388239,0.373489852360064,"Levallois preferential"
"EXP07_Levallois preferential",-7.09554095471316,-44.5968576527846,2.25176342648673,21,-25.7323910913186,-21.1731138639023,2.8290186203799,-23.4626077907245,-25.9204029744632,6.07885324485888,6.18466613628974,0.367001750874756,-0.767590199041675,0.525466460575768,"Levallois preferential"
"EXP07_Levallois preferential",-7.09554095471316,-44.5968576527846,2.25176342648673,22,-31.1280890009171,-29.5631585035326,2.13740309442392,-24.5509229573481,-33.5610881506407,6.8041105478728,9.00115065333198,0.730702806438901,-0.444157619518143,0.518456765493798,"Levallois preferential"
"EXP07_Levallois preferential",-7.09554095471316,-44.5968576527846,2.25176342648673,23,-34.7147432801861,-48.3991280614367,2.33091196091786,-28.3493282887418,-48.5669631536502,7.80681985706635,8.39834768978896,0.757936587834251,-0.0199842991041658,0.652022052243242,"Levallois preferential"
"EXP07_Levallois preferential",-7.09554095471316,-44.5968576527846,2.25176342648673,24,-29.2072556538547,-69.8194615575559,3.6853613286211,-20.100583730383,-66.1008551179062,6.24010579067638,10.1629831565911,0.896062876731786,0.365897136928546,0.251377417702245,"Levallois preferential"
"EXP08_Levallois preferential",-0.633635823458137,34.7634164111054,-3.58818638292105,1,-24.9500959051076,60.3755802782001,20.4646424084479,-8.76998351633573,42.8280539383204,36.9207878606073,28.991661571988,0.558095380238753,-0.605261147116668,0.5676164993613,"Levallois preferential"
"EXP08_Levallois preferential",-0.633635823458137,34.7634164111054,-3.58818638292105,2,-31.7961136876589,54.1210190044518,9.17984882208839,-26.2295071203785,56.8741758999763,21.3939071204906,13.7021969655611,0.406256498959361,0.200928136009449,0.891394155922649,"Levallois preferential"
"EXP08_Levallois preferential",-0.633635823458137,34.7634164111054,-3.58818638292105,3,-30.5331044153644,59.1688664114733,-12.2683252488407,-26.7602361864889,55.8437206394966,1.36386977419872,14.5302398543015,0.259656293819442,-0.228843144044342,0.93819476895997,"Levallois preferential"
"EXP08_Levallois preferential",-0.633635823458137,34.7634164111054,-3.58818638292105,4,-7.42804215608201,59.4053905982758,12.3933800681626,-11.6835387054808,58.8211275889098,20.0563196725743,8.78471727074462,-0.484420433605831,-0.0665090282770708,0.87230349802278,"Levallois preferential"
"EXP08_Levallois preferential",-0.633635823458137,34.7634164111054,-3.58818638292105,5,4.42959317186623,60.7926064834111,-0.918854198952504,2.24020039769553,55.9577295333008,13.3041079474904,15.1809791535806,-0.144219470432137,-0.31848254985384,0.936893595765747,"Levallois preferential"
"EXP08_Levallois preferential",-0.633635823458137,34.7634164111054,-3.58818638292105,6,22.3108892128943,53.4563819601263,-12.1689965676244,20.2097976939418,52.928540884808,-5.96822823441642,6.56831254538962,-0.319882999542597,-0.0803617476590334,0.944042825361655,"Levallois preferential"
"EXP08_Levallois preferential",-0.633635823458137,34.7634164111054,-3.58818638292105,7,18.1041498867201,58.2970129623179,-12.1092543172125,15.8688933762601,57.2450775044144,-5.32797812358797,7.21724647558659,-0.309710430151029,-0.145753018337654,0.939593266845356,"Levallois preferential"
"EXP08_Levallois preferential",-0.633635823458137,34.7634164111054,-3.58818638292105,8,15.3063375195443,57.3363556719873,-1.07108885176171,-3.57330198899574,43.1428024179036,36.8972526985047,44.7156874265243,-0.422215123933017,-0.317417758083363,0.849105621213026,"Levallois preferential"
"EXP08_Levallois preferential",-0.633635823458137,34.7634164111054,-3.58818638292105,9,20.6854744865343,52.9560853477214,-2.32051675587968,4.09854041056792,41.3431733709337,34.8767006455295,42.3511403509843,-0.391652596329225,-0.274205414082028,0.878304978169133,"Levallois preferential"
"EXP08_Levallois preferential",-0.633635823458137,34.7634164111054,-3.58818638292105,10,25.0533667511674,43.2324370021325,-16.3423689478973,21.4748539736191,42.0787814539495,10.8041785825562,27.4056876878888,-0.130575551261564,-0.0420954789137739,0.990544292834883,"Levallois preferential"
"EXP08_Levallois preferential",-0.633635823458137,34.7634164111054,-3.58818638292105,11,26.8532818987994,27.7013728937411,3.57766349766054,19.9084743764514,34.2260060115715,13.775987813254,13.9573280999902,-0.497574283028633,0.46747006813109,0.730678840715985,"Levallois preferential"
"EXP08_Levallois preferential",-0.633635823458137,34.7634164111054,-3.58818638292105,12,19.5973782908365,30.7475296120879,19.6519156455123,6.58085283633025,38.3283433277513,34.076766280127,20.8560539731356,-0.624112570444659,0.363482647552994,0.691638535899227,"Levallois preferential"
"EXP08_Levallois preferential",-0.633635823458137,34.7634164111054,-3.58818638292105,13,26.6316934466423,21.231504375578,-4.55743073848207,24.9062743951469,22.6581990247514,0.255301638761362,5.30800541260184,-0.325059776201261,0.268781686956495,0.906693193231761,"Levallois preferential"
"EXP08_Levallois preferential",-0.633635823458137,34.7634164111054,-3.58818638292105,14,21.7640334831765,7.36534781979613,-8.3888278864941,17.4425183487623,18.0628446538086,12.2431249155796,23.6387268692219,-0.182815054225316,0.452541158125602,0.872803045452371,"Levallois preferential"
"EXP08_Levallois preferential",-0.633635823458137,34.7634164111054,-3.58818638292105,15,12.966346489527,-0.0626013728366055,-7.59680418211422,12.0293503360135,24.0645088511844,22.5213007387889,38.6017571307355,-0.0242734067866418,0.625026216871629,0.780226268428659,"Levallois preferential"
"EXP08_Levallois preferential",-0.633635823458137,34.7634164111054,-3.58818638292105,16,-13.4012377946717,3.44210226554315,4.90604401367817,-11.2800624966941,7.34485447191942,11.8467916865117,8.24043916833739,0.25741046740905,0.473609734463182,0.842278855658842,"Levallois preferential"
"EXP08_Levallois preferential",-0.633635823458137,34.7634164111054,-3.58818638292105,17,-7.77351474759651,-1.3826358216243,-4.14151708233161,-9.85119466234453,1.87247225059685,4.89809518090928,9.82990703209962,-0.211363129677965,0.331143322270656,0.91960302714176,"Levallois preferential"
"EXP08_Levallois preferential",-0.633635823458137,34.7634164111054,-3.58818638292105,18,-43.399147339816,32.5746443822651,-7.5541532915509,-22.3829051963334,50.1745086452056,27.8915955231366,44.808913900488,0.46901922662432,0.392775961988867,0.791042355844771,"Levallois preferential"
"EXP08_Levallois preferential",-0.633635823458137,34.7634164111054,-3.58818638292105,19,-32.8737777484459,9.27973381335659,-5.85835470085107,-11.2029847759259,34.8055371124243,34.9682331034035,52.8015167761214,0.410419895026961,0.483429356912174,0.773208617800876,"Levallois preferential"
"EXP08_Levallois preferential",-0.633635823458137,34.7634164111054,-3.58818638292105,20,-14.7589584701194,66.4660280512377,-14.1960112871202,-15.1743309906984,59.5451197560868,-15.6710076061495,7.08852030411785,-0.0585979164562295,-0.976354443272235,-0.20808240023979,"Levallois preferential"
"EXP08_Levallois preferential",-0.633635823458137,34.7634164111054,-3.58818638292105,21,-35.8890548670689,54.6877175242354,-7.41732305904535,-35.586913304725,44.058080683266,-13.4708966889375,12.2362666932,0.0246922995321615,-0.86869934331168,-0.494723904085571,"Levallois preferential"
"EXP08_Levallois preferential",-0.633635823458137,34.7634164111054,-3.58818638292105,22,-44.0361486161071,26.4667195943778,-6.58916025988013,-29.756862145603,30.3910589271426,-14.3972421515112,16.7411052243221,0.852947656631337,0.234413396259126,-0.466401816786097,"Levallois preferential"
"EXP08_Levallois preferential",-0.633635823458137,34.7634164111054,-3.58818638292105,23,-19.5316843806392,-2.0273528689446,-6.90954975447933,-31.2147189160637,18.7731013382946,-12.4174937385351,24.484477493197,-0.477160868091656,0.849536373117153,-0.224956566281073,"Levallois preferential"
"EXP08_Levallois preferential",-0.633635823458137,34.7634164111054,-3.58818638292105,24,1.63948719502233,-2.74930804206076,-3.07477107224354,-0.144618928301639,11.2153861757389,-14.0899439693409,17.8753951902853,-0.0998079261650991,0.781224362826337,-0.616219825063432,"Levallois preferential"
"EXP08_Levallois preferential",-0.633635823458137,34.7634164111054,-3.58818638292105,25,19.9362831828559,4.61095077086195,-7.78743522443223,12.8791379586722,7.94370337953547,-12.9705948218408,9.36886770522713,-0.753254869875725,0.355726296232584,-0.553232232590576,"Levallois preferential"
"EXP08_Levallois preferential",-0.633635823458137,34.7634164111054,-3.58818638292105,26,26.6095715902789,21.705663687549,-5.33934351268611,15.4990839968538,27.4660616254783,-14.1659020524222,15.3144785945307,-0.725489119648708,0.376140650324622,-0.576353839619997,"Levallois preferential"
"EXP08_Levallois preferential",-0.633635823458137,34.7634164111054,-3.58818638292105,27,24.7356018300299,51.2857559930099,-12.6735275527959,17.6112292318963,46.6572598728685,-15.8156181771298,9.05827769185339,-0.786504106022385,-0.510968671705003,-0.346875060714884,"Levallois preferential"
"EXP08_Levallois preferential",-0.633635823458137,34.7634164111054,-3.58818638292105,28,2.00558863595441,62.8907511126803,-11.3590986846636,-6.46553236701494,11.3844981685003,-13.8638438042273,52.2582790714618,-0.162101032668629,-0.985609435659881,-0.0479301110573975,"Levallois preferential"
"EXP09_Levallois preferential",-0.147832006397688,29.471767458394,0.776574953073119,1,20.4272990204064,30.55726993727,0.0757956904502026,18.2139124547492,33.7299026518654,-2.45335745759133,4.62182800166787,-0.478898514799421,0.686445430996257,-0.547219227355245,"Levallois preferential"
"EXP09_Levallois preferential",-0.147832006397688,29.471767458394,0.776574953073119,2,19.4595011653949,26.9199138434906,-0.910976428046648,15.4844467459815,27.0777383349396,-3.65050462491555,4.83021541433086,-0.822955930209614,0.0326744208924386,-0.567164807751832,"Levallois preferential"
"EXP09_Levallois preferential",-0.147832006397688,29.471767458394,0.776574953073119,3,19.3627470822827,19.6107965399848,1.84793244558938,9.12285048339229,17.8495565940421,-6.412956274413,13.274024670288,-0.771423652828592,-0.132683190644128,-0.622334892784492,"Levallois preferential"
"EXP09_Levallois preferential",-0.147832006397688,29.471767458394,0.776574953073119,4,17.3253506766152,38.0635346446855,-0.682781473160229,16.3976554104038,35.9530199105025,-2.68466211702881,3.05326334639675,-0.303837291763959,-0.69123246007378,-0.655652793995338,"Levallois preferential"
"EXP09_Levallois preferential",-0.147832006397688,29.471767458394,0.776574953073119,5,12.4294654454679,43.0563473740757,0.712568076063966,7.00243976815516,31.1246248430558,-9.6497800322173,16.7091851559752,-0.32479295828331,-0.714081651477372,-0.620158793594774,"Levallois preferential"
"EXP09_Levallois preferential",-0.147832006397688,29.471767458394,0.776574953073119,6,5.89437181792431,46.4409339442677,-0.383429349184812,3.74878231245125,41.5527635409616,-4.26674379749791,6.6013555670204,-0.325022562970579,-0.740479792927203,-0.588260154886018,"Levallois preferential"
"EXP09_Levallois preferential",-0.147832006397688,29.471767458394,0.776574953073119,7,8.91892704239777,44.9867655163958,-0.443178935481779,7.52638104073098,39.4926159355505,-4.70679685452246,7.0924820579981,-0.196341138444817,-0.774644128235695,-0.60114609866833,"Levallois preferential"
"EXP09_Levallois preferential",-0.147832006397688,29.471767458394,0.776574953073119,8,1.67648411694002,46.7115840819058,1.2523788139824,-2.05889034141069,42.6970020361,-4.26903517912613,7.78176739757109,-0.480016205510926,-0.515895919358747,-0.709532129530359,"Levallois preferential"
"EXP09_Levallois preferential",-0.147832006397688,29.471767458394,0.776574953073119,9,-8.99666615993644,45.0153275513146,0.218266314811582,-1.12918227336514,32.2222533834787,-11.4058313240536,18.9915690580605,0.414261921304082,-0.673618600376056,-0.612066207027356,"Levallois preferential"
"EXP09_Levallois preferential",-0.147832006397688,29.471767458394,0.776574953073119,10,-15.4725635372356,41.7942368776478,-0.848106544812682,-11.655229534313,31.8627795161846,-9.76951398396726,13.8851501579145,0.274922054101571,-0.715257469203693,-0.642514293161562,"Levallois preferential"
"EXP09_Levallois preferential",-0.147832006397688,29.471767458394,0.776574953073119,11,-18.1861147478895,36.8560627277664,-0.336160058981072,-16.7905371584453,35.2614725637024,-2.82617862000868,3.26964019943332,0.426829101772731,-0.487695913556594,-0.761557360794368,"Levallois preferential"
"EXP09_Levallois preferential",-0.147832006397688,29.471767458394,0.776574953073119,12,-21.1507907221096,28.8144326682173,0.132699913749593,-18.7785035078995,27.6782053622094,-2.68209538557574,3.85250979164571,0.615777075856988,-0.294931711392861,-0.730639362793913,"Levallois preferential"
"EXP09_Levallois preferential",-0.147832006397688,29.471767458394,0.776574953073119,13,-20.0418489609548,17.8961621626109,1.62448540646186,-11.4459533063899,18.9239278609198,-7.12170231121757,12.3061579718316,0.698503600737176,0.083516374538781,-0.710716353365461,"Levallois preferential"
"EXP09_Levallois preferential",-0.147832006397688,29.471767458394,0.776574953073119,14,18.0829138930172,14.4120249158874,3.00064276539326,17.080150064317,13.9028006162931,0.353721234599306,2.8759412848018,-0.348673261863658,-0.177063524309549,-0.920367027234482,"Levallois preferential"
"EXP09_Levallois preferential",-0.147832006397688,29.471767458394,0.776574953073119,15,14.9077836335142,10.4975318625093,4.71929328467231,13.2479683366366,8.87448776549472,2.55620864971593,3.17304177384841,-0.523099100225353,-0.511510472503517,-0.68170695160212,"Levallois preferential"
"EXP09_Levallois preferential",-0.147832006397688,29.471767458394,0.776574953073119,16,2.59297655256572,6.75036677583734,0.345783539120914,3.66577050086954,8.23841621503996,-2.07465674895206,3.03705600494217,0.353234825619967,0.489964438186563,-0.796969263699521,"Levallois preferential"
"EXP09_Levallois preferential",-0.147832006397688,29.471767458394,0.776574953073119,17,-10.5286809926642,6.19358614295728,4.44401093116466,-9.18876038926767,7.54195730682024,-2.49802554887291,7.19759421675854,0.186162287431639,0.187336368688786,-0.96449400604914,"Levallois preferential"
"EXP09_Levallois preferential",-0.147832006397688,29.471767458394,0.776574953073119,18,16.2582844179215,12.0114544443773,3.9676983784593,13.1946661264852,18.1531219976151,4.45517415717365,6.8806591257634,-0.445250699887925,0.892598723607954,0.0708472502131497,"Levallois preferential"
"EXP09_Levallois preferential",-0.147832006397688,29.471767458394,0.776574953073119,19,20.000849394701,28.4724955735096,-0.527392148960595,12.8098382031474,27.6314156024402,4.42043192899323,8.76920866333804,-0.820029659188918,-0.0959128700615584,0.564226975079233,"Levallois preferential"
"EXP09_Levallois preferential",-0.147832006397688,29.471767458394,0.776574953073119,20,16.3649437851492,39.4884590797698,-0.119618035654036,11.2724723571218,35.057674877183,5.20467206358579,8.59727741532352,-0.592335361768223,-0.515370621249179,0.619299557526198,"Levallois preferential"
"EXP09_Levallois preferential",-0.147832006397688,29.471767458394,0.776574953073119,21,7.34854683234514,45.989673476564,0.00195128476339468,2.98328635627667,38.4954575041123,5.21340212540751,10.1182010224212,-0.431426541773125,-0.74066683947522,0.515057056990262,"Levallois preferential"
"EXP09_Levallois preferential",-0.147832006397688,29.471767458394,0.776574953073119,22,-14.0397469731866,43.0098403468614,-0.0779443151734553,-2.61155824001931,44.3554324732339,3.70311361418454,12.1124116077934,0.943510599145601,0.111092007929015,0.312163923402766,"Levallois preferential"
"EXP09_Levallois preferential",-0.147832006397688,29.471767458394,0.776574953073119,23,-17.5380964892079,38.7376764314901,-0.383850023072083,-8.25978969874634,37.0361024182191,4.39300346443061,10.5735831325824,0.87749882647355,-0.160926905471389,0.451772443419191,"Levallois preferential"
"EXP09_Levallois preferential",-0.147832006397688,29.471767458394,0.776574953073119,24,-20.2913243440675,32.8670886129983,-0.48491073912363,-12.0487053753948,32.5705410116655,3.94495461470854,9.36228684647408,0.880406582690524,-0.0316746972396448,0.473160609846139,"Levallois preferential"
"EXP09_Levallois preferential",-0.147832006397688,29.471767458394,0.776574953073119,25,-20.5124097420287,22.6458698236177,0.868782356599115,-15.8112964661083,24.743144200302,4.10344309890482,6.07964274953273,0.773254855522849,0.344966713191412,0.532047831684569,"Levallois preferential"
"EXP09_Levallois preferential",-0.147832006397688,29.471767458394,0.776574953073119,26,-20.0881160562931,17.6877113914121,2.13523711114106,-15.951117861567,19.3555064408785,4.75471766502415,5.17281091500196,0.799758248021048,0.322415622158064,0.506394027720245,"Levallois preferential"
"EXP09_Levallois preferential",-0.147832006397688,29.471767458394,0.776574953073119,27,-18.1955503238067,10.2505746292142,0.818345472202261,-12.7514301292814,10.8299628303207,5.13186725016988,6.9699788743597,0.781081304930844,0.0831262492398542,0.618871571309301,"Levallois preferential"
"EXP10_Cylindrical unidirectional",8.6420820632654,52.2148365653465,2.30691789688147,1,1.38590472675332,51.1026367276044,20.9371531867526,7.48012728997481,58.6520134465,9.83841900523255,14.7415921096035,0.413403282217487,0.512114069007346,-0.752885719466472,"Cylindrical unidirectional"
"EXP10_Cylindrical unidirectional",8.6420820632654,52.2148365653465,2.30691789688147,2,-5.78940364062111,62.4667372068104,-5.78516920413469,12.0587525310396,63.3031629290045,4.84900426509309,20.7928336714928,0.858380173363801,0.0402266345900129,0.511434546980835,"Cylindrical unidirectional"
"EXP10_Cylindrical unidirectional",8.6420820632654,52.2148365653465,2.30691789688147,3,23.4295465433577,67.1096499239042,-1.0947540803683,13.7555625580028,62.4555762101915,3.76079709494883,11.7823064591657,-0.821060292302048,-0.395005318342588,0.412105320137882,"Cylindrical unidirectional"
"EXP10_Cylindrical unidirectional",8.6420820632654,52.2148365653465,2.30691789688147,4,14.2899875359508,67.1931697609565,-6.00204096155709,1.01072213430809,61.9514597689317,-0.781191734890665,15.2010420661,-0.873575991954981,-0.34482570137178,0.343453376680636,"Cylindrical unidirectional"
"EXP10_Cylindrical unidirectional",8.6420820632654,52.2148365653465,2.30691789688147,5,-14.69123453214,38.1533782517093,5.51938412119867,-4.87751307927928,11.3768942441044,-1.05176051381896,29.2654944666613,0.335334209508755,-0.914950678113716,-0.22453557524898,"Cylindrical unidirectional"
"EXP10_Cylindrical unidirectional",8.6420820632654,52.2148365653465,2.30691789688147,6,-8.22237037312015,35.6689117851308,-9.98558725698534,1.15279182180577,23.0175473081675,-12.9188145628981,16.0173191183259,0.585314066958901,-0.789855304967263,-0.183128480131033,"Cylindrical unidirectional"
"EXP10_Cylindrical unidirectional",8.6420820632654,52.2148365653465,2.30691789688147,7,-9.82060341877225,40.2712802360897,-8.41324175330577,-8.50132628430755,37.0798680689547,-9.26996970342463,3.55803127565986,0.3707885154045,-0.896960122011057,-0.240787076825224,"Cylindrical unidirectional"
"EXP10_Cylindrical unidirectional",8.6420820632654,52.2148365653465,2.30691789688147,8,-9.87535343429722,43.6370728369992,-4.20589148721936,-10.4266995587362,40.7711882501043,-5.10109756782693,3.05264982287394,-0.180612306170106,-0.938818650413288,-0.293255411708103,"Cylindrical unidirectional"
"EXP10_Cylindrical unidirectional",8.6420820632654,52.2148365653465,2.30691789688147,9,-0.237090543980454,49.8184691360035,-13.1599184285204,0.745452311937182,44.086639055542,-15.1256921424664,6.13869145905211,0.160057377451147,-0.933721806788215,-0.320226831248745,"Cylindrical unidirectional"
"EXP10_Cylindrical unidirectional",8.6420820632654,52.2148365653465,2.30691789688147,10,-9.55117127944351,49.555821381994,-1.35493792394376,-8.00100781755061,45.0829853334515,-2.72512294936293,4.92815138562236,0.314552727908365,-0.907609303884563,-0.278032251488179,"Cylindrical unidirectional"
"EXP10_Cylindrical unidirectional",8.6420820632654,52.2148365653465,2.30691789688147,11,-3.99366549488591,62.8937513143515,-8.85337877056817,0.164614386892932,50.8322901767778,-11.3672037086572,13.0034400128491,0.319783063379377,-0.927559255524335,-0.193319993448279,"Cylindrical unidirectional"
"EXP10_Cylindrical unidirectional",8.6420820632654,52.2148365653465,2.30691789688147,12,-6.59569807312981,61.4488940655066,-4.08720595264953,-4.7497767113137,57.6378604125339,-4.80788921090393,4.29543799126795,0.429739962622817,-0.88722818504657,-0.167778759632766,"Cylindrical unidirectional"
"EXP10_Cylindrical unidirectional",8.6420820632654,52.2148365653465,2.30691789688147,13,-7.31703426496982,57.68956503949,8.59803304707798,-5.66641067873479,52.7043545063876,6.26136371666063,5.74777399020733,0.287176146634724,-0.867328907085751,-0.406534657486256,"Cylindrical unidirectional"
"EXP10_Cylindrical unidirectional",8.6420820632654,52.2148365653465,2.30691789688147,14,-6.74631438380769,50.8091447877177,13.233196945904,-5.84809428574762,47.9323681581546,12.3603883738242,3.13758472785284,0.286277559323393,-0.916876157646202,-0.278178486888864,"Cylindrical unidirectional"
"EXP10_Cylindrical unidirectional",8.6420820632654,52.2148365653465,2.30691789688147,15,4.5220591892467,56.7581219155299,-16.3383865213043,7.89471434019839,31.819699110697,-22.1866807866685,25.8360655010422,0.130540586793901,-0.965256215340796,-0.226361644157013,"Cylindrical unidirectional"
"EXP10_Cylindrical unidirectional",8.6420820632654,52.2148365653465,2.30691789688147,16,13.7097965687421,61.1317101690118,-11.3463910424759,17.8852639071439,41.6275878095636,-16.6792570812195,20.6466650259448,0.202234469012545,-0.944662120247465,-0.258291885495419,"Cylindrical unidirectional"
"EXP10_Cylindrical unidirectional",8.6420820632654,52.2148365653465,2.30691789688147,17,16.0424756568979,66.8985712597463,-5.92181569992492,16.3227096952415,62.8174332094771,-8.12455557931343,4.64610394608747,0.0603159209512726,-0.878400074046108,-0.47410473483777,"Cylindrical unidirectional"
"EXP10_Cylindrical unidirectional",8.6420820632654,52.2148365653465,2.30691789688147,18,6.57869417568824,65.385132335636,-9.74140872766875,6.76422468112902,62.6288379004921,-11.3216187091538,3.18255308946127,0.0582961227120288,-0.866063929701949,-0.496522740411717,"Cylindrical unidirectional"
"EXP10_Cylindrical unidirectional",8.6420820632654,52.2148365653465,2.30691789688147,19,-3.16219829385253,17.6252828000274,-7.92345705133719,6.03500978159296,13.5263850594906,-8.11408624838418,10.0710445615728,0.913232785260279,-0.406998272669416,-0.0189284434083785,"Cylindrical unidirectional"
"EXP10_Cylindrical unidirectional",8.6420820632654,52.2148365653465,2.30691789688147,20,22.292415916135,44.2032664127026,-16.9460463589536,26.1475174244793,19.322405007976,-20.6251298747776,25.4451317032799,0.151506447413961,-0.97782403702471,-0.144588896560901,"Cylindrical unidirectional"
"EXP10_Cylindrical unidirectional",8.6420820632654,52.2148365653465,2.30691789688147,21,23.8492754209396,66.7710764218025,-2.05681172862119,24.4785036935173,59.2154573197793,-3.23880971456074,7.67335829168911,0.0820016801847018,-0.984656106858266,-0.154039201742965,"Cylindrical unidirectional"
"EXP10_Cylindrical unidirectional",8.6420820632654,52.2148365653465,2.30691789688147,22,25.4097149523097,57.6725461520128,-3.06705743956713,26.7349614643883,53.9120408156292,-4.19156410617458,4.14272783875437,0.319897073537188,-0.907736516312955,-0.271441115703505,"Cylindrical unidirectional"
"EXP10_Cylindrical unidirectional",8.6420820632654,52.2148365653465,2.30691789688147,23,34.4910044166159,53.3062592118766,-8.85242655230628,37.0379497460403,37.6259948310845,-13.5389712698599,16.562648428082,0.153776453112782,-0.946724459489599,-0.282958654704497,"Cylindrical unidirectional"
"EXP10_Cylindrical unidirectional",8.6420820632654,52.2148365653465,2.30691789688147,24,40.2651562641045,38.4794541548148,-0.414957185496007,32.0377118335882,17.6973887002273,-11.8535004825122,25.1082727238197,-0.327678630904434,-0.827697933791836,-0.455568705296272,"Cylindrical unidirectional"
"EXP10_Cylindrical unidirectional",8.6420820632654,52.2148365653465,2.30691789688147,25,34.3752306702353,48.9229904453739,10.2514634793528,37.9273500096103,33.2731179265371,4.26175929211324,17.1292912260736,0.207371063548045,-0.91363222869462,-0.349676125426736,"Cylindrical unidirectional"
"EXP10_Cylindrical unidirectional",8.6420820632654,52.2148365653465,2.30691789688147,26,21.710654875037,44.0545132113595,16.9136732310091,33.1453305994804,34.0438487136286,16.0137317022585,15.2241619593485,0.751087367237432,-0.657551103598435,-0.0591127138001773,"Cylindrical unidirectional"
"EXP10_Cylindrical unidirectional",8.6420820632654,52.2148365653465,2.30691789688147,27,15.2751814581953,54.9041876538633,20.1813753305718,17.7612265377224,46.3695519786507,16.3974694952307,9.66117847970844,0.257323170744497,-0.883394887397858,-0.391660897610836,"Cylindrical unidirectional"
"EXP10_Cylindrical unidirectional",8.6420820632654,52.2148365653465,2.30691789688147,28,17.6431794955243,58.0400439743733,17.4278425657196,18.6905269470094,54.5433874230474,15.4133226525306,4.16915269601607,0.251213502562762,-0.838697166133356,-0.483196481413127,"Cylindrical unidirectional"
"EXP10_Cylindrical unidirectional",8.6420820632654,52.2148365653465,2.30691789688147,29,19.8000429108943,61.4894307575157,14.3265380969006,22.2480124107604,55.8713105411277,11.718711261684,6.66007434196785,0.367558885107394,-0.843552177936809,-0.391561220087837,"Cylindrical unidirectional"
"EXP10_Cylindrical unidirectional",8.6420820632654,52.2148365653465,2.30691789688147,30,11.1466706617275,50.6791638870965,24.1310537017676,12.3513346253534,47.6458402888721,23.3010280842011,3.36767127888408,0.357714237484926,-0.900718433311452,-0.246468716460207,"Cylindrical unidirectional"
"EXP10_Cylindrical unidirectional",8.6420820632654,52.2148365653465,2.30691789688147,31,14.1878254856982,39.6476864871836,23.3012627631139,16.0073408002418,36.0843826307181,22.0047389413727,4.20579889839052,0.432620617034237,-0.847235909883635,-0.308270521977963,"Cylindrical unidirectional"
"EXP10_Cylindrical unidirectional",8.6420820632654,52.2148365653465,2.30691789688147,32,3.31339307424404,49.9745879825886,22.461339034623,3.43970211160658,48.0067828385148,21.3331074914068,2.27180929504886,0.0555984332125972,-0.866184123976574,-0.496622469885566,"Cylindrical unidirectional"
"EXP10_Cylindrical unidirectional",8.6420820632654,52.2148365653465,2.30691789688147,33,7.47263582248121,49.3270989696514,24.3968592200045,8.53444006868457,46.8189087299661,23.6266066145073,2.83050094717935,0.375129443875108,-0.88612944722197,-0.272125895688075,"Cylindrical unidirectional"
"EXP11_Cylindrical bidirectional",-15.7403966909839,-36.2585824035899,-2.96712803091514,1,5.17594764570093,-48.499177387676,-3.37315169630051,6.32756850951027,-27.1228935160166,-2.6394508879877,21.4198519988315,0.0537641839855923,0.997965993080883,0.0342533089562352,"Cylindrical bidirectional"
"EXP11_Cylindrical bidirectional",-15.7403966909839,-36.2585824035899,-2.96712803091514,2,6.28962182625336,-15.4866081321528,-5.633197860034,6.22993882386712,-25.5945779633626,-3.31715591297998,10.3700851717782,-0.00575530493699957,-0.974723897033962,0.223338758427659,"Cylindrical bidirectional"
"EXP11_Cylindrical bidirectional",-15.7403966909839,-36.2585824035899,-2.96712803091514,3,-17.6530544590728,-40.349132436896,17.3569681694058,-16.88563802875,-48.0949460054778,17.4620569590421,7.78444599637394,0.0985833071075659,-0.99503722836408,0.013499841823713,"Cylindrical bidirectional"
"EXP11_Cylindrical bidirectional",-15.7403966909839,-36.2585824035899,-2.96712803091514,4,-16.9846487078003,-6.51615214227683,2.74172329220664,-10.9334813380129,-39.9293139044929,16.1251363398149,36.4989280703981,0.165790276309378,-0.915455974426695,0.366679619242371,"Cylindrical bidirectional"
"EXP11_Cylindrical bidirectional",-15.7403966909839,-36.2585824035899,-2.96712803091514,5,-25.910507341783,-11.2433335164144,0.543138361401295,-27.5841403283389,-16.6120315394754,4.99645617140516,7.17328414001596,-0.233314748710372,-0.748429578177706,0.620819937294992,"Cylindrical bidirectional"
"EXP11_Cylindrical bidirectional",-15.7403966909839,-36.2585824035899,-2.96712803091514,6,-12.2102262539667,-6.33749722100281,-0.681508437556081,-22.255230153883,-14.3708937114324,-6.09636837053149,13.9555820593597,-0.719783944316342,-0.575640375031277,-0.38800674238763,"Cylindrical bidirectional"
"EXP11_Cylindrical bidirectional",-15.7403966909839,-36.2585824035899,-2.96712803091514,7,-11.577906198003,-13.4194596083865,-10.5789275669287,-25.4772684254511,-19.6090180833043,-13.6339940635991,15.5189025302473,-0.895640796786848,-0.39883996067724,-0.19686098876618,"Cylindrical bidirectional"
"EXP11_Cylindrical bidirectional",-15.7403966909839,-36.2585824035899,-2.96712803091514,8,-1.43232043163846,-16.8387894903451,-8.92381108683263,-8.27380331708815,-17.3320457875347,-12.4569692947963,7.71572399513611,-0.886693574026556,-0.0639287120042752,-0.457916614201197,"Cylindrical bidirectional"
"EXP11_Cylindrical bidirectional",-15.7403966909839,-36.2585824035899,-2.96712803091514,9,1.954970727268,-11.3170807657206,0.0999420488027472,-5.21818927540488,-13.9772625518342,-6.57200329974484,10.1511401474476,-0.706635894932107,-0.262057438620089,-0.6572606871382,"Cylindrical bidirectional"
"EXP11_Cylindrical bidirectional",-15.7403966909839,-36.2585824035899,-2.96712803091514,10,-1.01932437180582,-8.79116125625184,1.76565675464532,-3.99634890072369,-10.5633327955155,-0.512432631641117,4.14643922688684,-0.717971340231854,-0.427395999867159,-0.549408603776121,"Cylindrical bidirectional"
"EXP11_Cylindrical bidirectional",-15.7403966909839,-36.2585824035899,-2.96712803091514,11,-1.21471122310565,-70.8194169100471,-6.28022343794941,-23.4597581916216,-69.7500361117976,-8.71729425205773,22.4036828239493,-0.992919206334066,0.0477323664440701,-0.108779919500695,"Cylindrical bidirectional"
"EXP11_Cylindrical bidirectional",-15.7403966909839,-36.2585824035899,-2.96712803091514,12,-0.725077709770575,-69.8151454473805,-7.90174439045121,2.66571845819474,-49.4050038147466,-3.78764599066173,21.0949564057387,0.160739662256087,0.96753656372011,0.195027584824507,"Cylindrical bidirectional"
"EXP11_Cylindrical bidirectional",-15.7403966909839,-36.2585824035899,-2.96712803091514,13,-10.5146681364705,-71.210979807969,9.49773918825009,-8.55432537162571,-47.4273005068147,15.9786867301296,24.7287085367681,0.0792739645877588,0.961784124948997,0.262081925234519,"Cylindrical bidirectional"
"EXP11_Cylindrical bidirectional",-15.7403966909839,-36.2585824035899,-2.96712803091514,14,-38.2414751681019,-25.1681073597416,1.30491750406215,-35.0345788361825,-25.5903759806776,5.80840731993927,5.54471959558048,0.578369433591466,-0.0761568937178609,0.812212364979956,"Cylindrical bidirectional"
"EXP11_Cylindrical bidirectional",-15.7403966909839,-36.2585824035899,-2.96712803091514,15,-39.7832914725453,-28.5401867611077,0.00494840014247266,-35.5165534727528,-32.9227358251335,7.20530093280425,9.44758519686782,0.451622071765717,-0.463880343252023,0.762136819369349,"Cylindrical bidirectional"
"EXP11_Cylindrical bidirectional",-15.7403966909839,-36.2585824035899,-2.96712803091514,16,-33.667740859503,-66.5701089650251,4.64253468003449,-36.6575880264347,-39.9987016196612,5.32903206204325,26.7478999745844,-0.111778762810262,0.993401626692629,0.0256654684166257,"Cylindrical bidirectional"
"EXP11_Cylindrical bidirectional",-15.7403966909839,-36.2585824035899,-2.96712803091514,17,-32.7610421202692,-67.9929425665844,-6.20913536568953,-31.5256711403088,-50.6696767194343,-7.7666657241422,17.436960224955,0.0708478406799564,0.99347969047711,-0.0893235023971434,"Cylindrical bidirectional"
"EXP11_Cylindrical bidirectional",-15.7403966909839,-36.2585824035899,-2.96712803091514,18,-34.4770580015089,-48.6232205359046,-14.128819817433,-27.8523368856835,-28.6531111809089,-7.61189465176407,22.0264048616173,0.300762705373202,0.906644070172119,0.295868763268997,"Cylindrical bidirectional"
"EXP11_Cylindrical bidirectional",-15.7403966909839,-36.2585824035899,-2.96712803091514,19,-26.5825119640369,-29.1249598107711,-14.9052134008641,-6.67176366919882,-31.9512548168737,-15.9725937999145,20.138647969469,0.988683466984658,-0.140341844715068,-0.053001591798444,"Cylindrical bidirectional"
"EXP11_Cylindrical bidirectional",-15.7403966909839,-36.2585824035899,-2.96712803091514,20,-23.4729095995182,-68.5081879501448,-18.6843959572147,-21.4989605435541,-41.8694195839947,-20.6292595679109,26.782512007001,0.073702909400288,0.99463292909891,-0.0726169229453841,"Cylindrical bidirectional"
"EXP12_Discoid",-0.845701589686141,15.0484834819949,-1.66940710817681,1,11.9750017249724,0.429440624520023,2.95277977981151,7.39370481649333,7.2811803333287,5.7153364868899,8.69289008102193,-0.527016546370561,0.788200431035842,0.317794965923879,"Discoid"
"EXP12_Discoid",-0.845701589686141,15.0484834819949,-1.66940710817681,2,19.4442434387852,8.1475219685372,-1.54364134211577,3.04047194092273,20.9865424247575,9.90588373460273,23.7700607931855,-0.690102210532218,0.54013410263978,0.481678409505831,"Discoid"
"EXP12_Discoid",-0.845701589686141,15.0484834819949,-1.66940710817681,3,19.403784148949,18.7162828382629,0.773893906801552,15.8181306886164,17.2948323190558,4.23178284421858,5.18019577039905,-0.692184932627822,-0.274400926569145,0.667520898954491,"Discoid"
"EXP12_Discoid",-0.845701589686141,15.0484834819949,-1.66940710817681,4,10.5206993653453,31.1568601359198,-1.29943717033528,6.29171509828316,22.6128926552215,8.74844942776267,13.8507658030351,-0.305324942115148,-0.616858851142087,0.725439065318408,"Discoid"
"EXP12_Discoid",-0.845701589686141,15.0484834819949,-1.66940710817681,5,-8.25961745509397,29.8380722715532,-3.04135910879711,1.46923055298043,20.765291450911,10.2821133422753,18.8276592686959,0.51673168019618,-0.481885756012546,0.707654215584031,"Discoid"
"EXP12_Discoid",-0.845701589686141,15.0484834819949,-1.66940710817681,6,-17.5139176979646,23.2086599985417,0.630879101809496,-7.23015640515612,13.1170308447286,8.36154170562636,16.3511427612754,0.628932267484302,-0.617181887599515,0.472790355798586,"Discoid"
"EXP12_Discoid",-0.845701589686141,15.0484834819949,-1.66940710817681,7,-15.5150029414914,3.37826803802675,1.07434516917799,-11.2952789374151,8.50330275220245,6.2955364044699,8.44588002564406,0.499619221592552,0.606808846279447,0.618193867239283,"Discoid"
"EXP12_Discoid",-0.845701589686141,15.0484834819949,-1.66940710817681,8,-19.4955372032173,12.4595351504522,-1.74005908222428,-18.0077692941939,12.7671558578647,0.138004322418291,2.41561710595997,0.615895584342674,0.127346633973371,0.777467339508772,"Discoid"
"EXP12_Discoid",-0.845701589686141,15.0484834819949,-1.66940710817681,9,-18.4278003396931,21.9842976105888,-0.381294912656378,0.508052461709705,23.9947976853992,-10.6322521520895,21.6261590716404,0.875599441337434,0.0929661188632812,-0.474007298544096,"Discoid"
"EXP12_Discoid",-0.845701589686141,15.0484834819949,-1.66940710817681,10,-15.9995792660335,16.9423026492586,-6.35368477958208,-5.88635829276375,15.5206888679511,-13.1502675383925,12.2675083613074,0.824390795213772,-0.115884476247138,-0.55403123100754,"Discoid"
"EXP12_Discoid",-0.845701589686141,15.0484834819949,-1.66940710817681,11,-20.9802163446802,16.678869316957,-1.65381768817724,-16.4707262005443,16.920503557541,-5.654304971654,6.03305784586395,0.747463435515944,0.0400517029270075,-0.663094468126035,"Discoid"
"EXP12_Discoid",-0.845701589686141,15.0484834819949,-1.66940710817681,12,-5.63625153904884,16.4001204385537,-13.6961875515846,2.26337875915792,14.0845655854699,-16.761771564021,8.78429043595962,0.8992906548113,-0.263601809385163,-0.348984819523618,"Discoid"
"EXP12_Discoid",-0.845701589686141,15.0484834819949,-1.66940710817681,13,-9.12679803927264,-1.30916605159694,2.48517423667504,-10.0856859044039,7.69089595254216,-8.28274515695963,14.0665799000346,-0.0681678042527527,0.639818780975818,-0.765496621791355,"Discoid"
"EXP12_Discoid",-0.845701589686141,15.0484834819949,-1.66940710817681,14,1.35694523981932,-2.8832328927936,-1.93589466432167,-0.903307748995484,7.49416466919299,-12.9152098229148,15.2756173389059,-0.147964755771807,0.679343906812595,-0.718747721614468,"Discoid"
"EXP12_Discoid",-0.845701589686141,15.0484834819949,-1.66940710817681,15,15.9989776236452,4.44831033178391,2.56918304116907,8.10774365709258,0.933366524999284,-4.93115102888663,11.4403415439473,-0.689772585568272,-0.307241160002279,-0.655604034306467,"Discoid"
"EXP12_Discoid",-0.845701589686141,15.0484834819949,-1.66940710817681,16,16.652296942624,8.96474033216232,-5.14602268491824,-1.89025673783639,11.1354400059799,-15.2138946469863,21.2108528803362,-0.874201230147166,0.102339103762772,-0.474656630681817,"Discoid"
"EXP12_Discoid",-0.845701589686141,15.0484834819949,-1.66940710817681,17,11.7999926042408,29.800451658282,-2.42062571338432,11.6860686084253,11.9610123988398,-10.1418898342253,19.4390455370612,-0.00586057559247349,-0.917711686277537,-0.397203870227071,"Discoid"
"EXP12_Discoid",-0.845701589686141,15.0484834819949,-1.66940710817681,18,8.58015112376374,32.511368256898,-1.32355848453024,-0.757129617135771,31.1377753973604,-6.02891864260176,10.5457092314985,-0.885410410616141,-0.130251349566414,-0.446187170040427,"Discoid"
"EXP13_Conical unidirectional",12.8610673976049,-24.063660069382,1.31147157174326,1,2.45638397636097,13.2231378200248,-0.330255032637851,11.5410964434591,8.59055449210676,8.96851755381861,13.8007246373003,0.658277931475005,-0.335676817679353,0.673788719856344,"Conical unidirectional"
"EXP13_Conical unidirectional",12.8610673976049,-24.063660069382,1.31147157174326,2,7.07199301150794,-3.68275083891962,18.795395815798,13.0310064081502,-2.31110707693863,16.2325776299581,6.63017981089617,0.898771008721226,0.206878817935949,-0.386538262752415,"Conical unidirectional"
"EXP13_Conical unidirectional",12.8610673976049,-24.063660069382,1.31147157174326,3,9.15617098380674,-17.9184351923285,16.1794032671447,29.8458444396741,-10.5700868590535,10.1188842372096,22.7769774520188,0.908359043663783,0.322621750350974,-0.26608091625423,"Conical unidirectional"
"EXP13_Conical unidirectional",12.8610673976049,-24.063660069382,1.31147157174326,4,19.3035450330121,-33.8813660232883,7.38914371765533,21.3566356774447,-26.5887845804697,12.3424283814266,9.0516271606132,0.226820063177847,0.805665248183351,0.547225882803123,"Conical unidirectional"
"EXP13_Conical unidirectional",12.8610673976049,-24.063660069382,1.31147157174326,5,21.2686547104093,-38.3973784178267,-6.55222938169281,12.3581154921521,-35.0738631334005,12.3281354337366,21.1402847324633,-0.421495705049522,0.157212418209416,0.893098889365312,"Conical unidirectional"
"EXP13_Conical unidirectional",12.8610673976049,-24.063660069382,1.31147157174326,6,12.9986881361434,-41.2831185422655,-7.91530975021647,10.2308252905616,-37.6357882997522,7.16273322218981,15.7579015896037,-0.175649202391761,0.231460402374875,0.956856018339018,"Conical unidirectional"
"EXP13_Conical unidirectional",12.8610673976049,-24.063660069382,1.31147157174326,7,7.68851904663344,-34.9241019263252,14.2992322248042,1.03704923583005,11.430980900572,0.967459445220758,48.6905732147299,-0.136606931725157,0.952034033825542,-0.273806034707974,"Conical unidirectional"
"EXP13_Conical unidirectional",12.8610673976049,-24.063660069382,1.31147157174326,8,32.1259622665284,-20.841372005835,5.46659658468282,16.5803838641815,14.4135588710383,0.965054523880465,38.7922548960717,-0.400739231168569,0.908813652914086,-0.116042289185365,"Conical unidirectional"
"EXP13_Conical unidirectional",12.8610673976049,-24.063660069382,1.31147157174326,9,27.4177002555115,-33.1035199465582,-1.86005167645937,24.2224562635113,-0.94234828145467,-2.52569195057856,32.3263611316709,-0.098843293217736,0.994889945518628,-0.0205912527985417,"Conical unidirectional"
"EXP13_Conical unidirectional",12.8610673976049,-24.063660069382,1.31147157174326,10,12.9476940695604,12.9221480112825,-1.77494482824112,22.3412792412859,-29.2147959151883,-7.55342137842786,43.5563115642505,0.215665303933483,-0.967413043327004,-0.132666801725459,"Conical unidirectional"
"EXP13_Conical unidirectional",12.8610673976049,-24.063660069382,1.31147157174326,11,22.1300769223887,-36.5415230792687,-7.2208332363858,17.2476675888422,-22.8620795571081,-10.649797848469,14.9239034534267,-0.327153639715178,0.91661297359972,-0.229763253480164,"Conical unidirectional"
"EXP13_Conical unidirectional",12.8610673976049,-24.063660069382,1.31147157174326,12,15.4414818149785,-39.767605117874,-8.50921567867343,13.3093995946395,-23.9991486637577,-13.1970422675737,16.5881195940724,-0.128530675719317,0.950587338407605,-0.282601446313144,"Conical unidirectional"
"EXP13_Conical unidirectional",12.8610673976049,-24.063660069382,1.31147157174326,13,3.95498902668627,13.6560216884647,-2.02993335584342,10.2663340982397,-14.6659992997515,-13.4615902217948,31.1873809123182,0.202368550578116,-0.908124381070732,-0.366547511574983,"Conical unidirectional"
"EXP13_Conical unidirectional",12.8610673976049,-24.063660069382,1.31147157174326,14,9.25063945972158,-41.0598279304809,-7.0542157632903,2.14540149958759,-5.09725800452616,-10.2816218864227,36.7995515248888,-0.193079471507376,0.977255657630284,-0.0877023221587242,"Conical unidirectional"
"EXP13_Conical unidirectional",12.8610673976049,-24.063660069382,1.31147157174326,15,3.68508320080764,-42.2190883080793,-2.22501388274542,-1.46746750675324,0.444353675159761,-6.4740904180886,43.1830141612926,-0.119318922211303,0.987968135431379,-0.0983969418964708,"Conical unidirectional"
"EXP13_Conical unidirectional",12.8610673976049,-24.063660069382,1.31147157174326,16,-1.12050355237845,-41.1997813008343,4.32577612399292,-3.54565322932056,3.40208381811606,-5.43466934811392,45.7217018368585,-0.053041544376353,0.97550754514992,-0.213475113129723,"Conical unidirectional"
"EXP14_Levallois convergent",13.9119028695399,39.0864308754418,1.19796652760554,1,21.3476677900114,15.8715694912143,5.18010283122198,3.73733225589859,76.0052220917384,5.07664536624871,62.6593232979069,-0.281048926276883,0.959692020844612,-0.00165111047371821,"Levallois convergent"
"EXP14_Levallois convergent",13.9119028695399,39.0864308754418,1.19796652760554,2,35.7428851451083,35.4745129210748,9.70319207929609,8.27214139620297,75.3056210481194,4.75191038064852,48.6381961754926,-0.564797749690131,0.818926507540063,-0.101798218025659,"Levallois convergent"
"EXP14_Levallois convergent",13.9119028695399,39.0864308754418,1.19796652760554,3,44.8530611799077,33.9523105777177,-0.891424625485619,15.0114775955872,71.6034280779402,5.37792084360312,48.4502987859345,-0.615921559455557,0.777108055960077,0.129397457315759,"Levallois convergent"
"EXP14_Levallois convergent",13.9119028695399,39.0864308754418,1.19796652760554,4,-4.77641705838241,13.3057403379822,-2.3079885832344,3.06376497395064,21.2639598224071,-10.7685658058762,14.0136747001879,0.559466535371194,0.56788955464467,-0.603737235496728,"Levallois convergent"
"EXP14_Levallois convergent",13.9119028695399,39.0864308754418,1.19796652760554,5,-9.96239817685353,28.8806972839045,-2.29839959855856,1.17147023097705,35.4185272867098,-14.1177470176678,17.504377174926,0.636061957335973,0.373496865239529,-0.675222391576417,"Levallois convergent"
"EXP14_Levallois convergent",13.9119028695399,39.0864308754418,1.19796652760554,6,-15.05055175886,52.7272535196265,-3.83566745357164,-3.42534078714117,53.2498674607543,-6.76515333357239,12.0000226245436,0.96876575448632,0.0435510796503776,-0.244123363068424,"Levallois convergent"
"EXP14_Levallois convergent",13.9119028695399,39.0864308754418,1.19796652760554,7,-9.5799345697416,64.9776886030246,-3.03736455417763,26.4981161305536,43.1236434365038,-15.6431138188364,44.0241972896366,0.81950502045356,-0.496409849854668,-0.286336833849011,"Levallois convergent"
"EXP14_Levallois convergent",13.9119028695399,39.0864308754418,1.19796652760554,8,-17.5325805636535,49.1042589375747,-3.05705826331036,-12.2122469658286,46.1598479598147,-6.25892962497833,6.87222568130351,0.774179115260914,-0.428450856288166,-0.465914757482273,"Levallois convergent"
"EXP14_Levallois convergent",13.9119028695399,39.0864308754418,1.19796652760554,9,-6.33987330248464,71.6733508248444,-1.10241871437708,-3.65853398937249,69.0422834532837,-3.44884022914755,4.42919743866873,0.605378141354219,-0.594028017037661,-0.529762230575958,"Levallois convergent"
"EXP14_Levallois convergent",13.9119028695399,39.0864308754418,1.19796652760554,10,12.3812538431576,73.338065832483,4.28032495927663,10.3905982060543,70.3308781759959,-1.92001308120718,7.17287106277048,-0.277525640665064,-0.419244627454044,-0.864415097695757,"Levallois convergent"
"EXP14_Levallois convergent",13.9119028695399,39.0864308754418,1.19796652760554,11,1.4918499231191,76.9019918497801,1.55266159471119,4.67676645291217,74.4828839501061,-0.701609663839011,4.59102551061742,0.693726602570054,-0.526921031930554,-0.491016931475739,"Levallois convergent"
"EXP14_Levallois convergent",13.9119028695399,39.0864308754418,1.19796652760554,12,26.5338778528472,61.4698950466209,2.63715853756324,21.7747394241217,56.9837185151472,-7.90686670157973,12.4077252830243,-0.38356252416683,-0.36156317367951,-0.849795187968001,"Levallois convergent"
"EXP14_Levallois convergent",13.9119028695399,39.0864308754418,1.19796652760554,13,46.12377633541,41.1177144079526,-6.64406216484058,26.3783339662631,38.8188683186999,-18.6695358621387,23.2331488468477,-0.849882316827061,-0.0989468153631094,-0.517599821555386,"Levallois convergent"
"EXP14_Levallois convergent",13.9119028695399,39.0864308754418,1.19796652760554,14,3.54179019239441,11.4064300519629,0.601064769199524,32.9305232354432,29.5056929959235,-13.2325873531431,37.1840137697937,0.790359352408659,0.48674850047155,-0.372032245039139,"Levallois convergent"
"EXP14_Levallois convergent",13.9119028695399,39.0864308754418,1.19796652760554,15,16.2255468987562,13.7294879874429,6.91983297641038,15.8106817855426,15.5169181928062,1.57937133346479,5.64690626458241,-0.0734676819085395,0.316532650200718,-0.94573229884143,"Levallois convergent"
"EXP14_Levallois convergent",13.9119028695399,39.0864308754418,1.19796652760554,16,2.29814695050743,12.1319432568144,9.78896679150466,10.1909892883338,12.4573662092582,6.36939040502581,8.60792442640646,0.91692746669726,0.0378050429259694,-0.397259108826357,"Levallois convergent"
"EXP14_Levallois convergent",13.9119028695399,39.0864308754418,1.19796652760554,17,32.5966768912555,22.2593041130734,6.03457812064042,32.6278805513804,24.3310191273953,-0.181231318504314,6.55204271603387,0.00476243234015708,0.316193758818458,-0.948682679362525,"Levallois convergent"
"EXP14_Levallois convergent",13.9119028695399,39.0864308754418,1.19796652760554,18,39.8888880115173,30.6760054458283,4.75308243709126,31.9439390018307,25.6583539985843,-5.79789692615623,14.1287722869407,-0.56232408933578,-0.35513711632835,-0.746772553833273,"Levallois convergent"
"EXP14_Levallois convergent",13.9119028695399,39.0864308754418,1.19796652760554,19,44.5424889372419,33.6439661444721,-5.51521711485417,40.7961399779982,32.9192762882186,-7.52086778564561,4.31079349139219,-0.869062497826544,-0.168110548023361,-0.465262526445847,"Levallois convergent"
"EXP15_Levallois convergent",-6.40771050083504,11.4345112184733,4.88576890561488,1,-0.000167936614082279,2.90525315307377e-05,8.58929918224834,-0.000167936614082279,87.6530362351289,11.3418314583795,87.6962148674822,0,0.999507302738777,0.0313871274865229,"Levallois convergent"
"EXP15_Levallois convergent",-6.40771050083504,11.4345112184733,4.88576890561488,2,0.552037794045895,-0.998613671793166,5.56138612447558,-10.5896664202297,-1.59916346137598,-1.90144168796194,13.4235625601502,-0.830010972448654,-0.0447384803320123,-0.555949866437993,"Levallois convergent"
"EXP15_Levallois convergent",-6.40771050083504,11.4345112184733,4.88576890561488,3,1.47935004861679,-0.605541749266351,4.52937720641501,-28.3624132230868,8.07842500593441,-23.6711767056672,41.9668125394112,-0.711080052688754,0.206924620425857,-0.671972737638793,"Levallois convergent"
"EXP15_Levallois convergent",-6.40771050083504,11.4345112184733,4.88576890561488,4,-18.0307411464359,-6.48621151275452,6.98655273035865,-19.4078008268285,-1.06857462805371,-6.27901239253516,14.3952179840241,-0.095660911972361,0.376349763561298,-0.921525824590918,"Levallois convergent"
"EXP15_Levallois convergent",-6.40771050083504,11.4345112184733,4.88576890561488,5,-24.7968715465002,-1.25695216724398,-4.8282640245341,-32.886786189162,7.9357311878446,-15.8541610964133,16.4779413893893,-0.490954206686956,0.557878143747254,-0.669130737349212,"Levallois convergent"
"EXP15_Levallois convergent",-6.40771050083504,11.4345112184733,4.88576890561488,6,-26.9955374633978,-5.86862619628275,7.99593389509529,-28.0656636573109,-0.414657655939379,-0.542689670943492,10.1881811582081,-0.105036039043235,0.535323082270614,-0.838091061932054,"Levallois convergent"
"EXP15_Levallois convergent",-6.40771050083504,11.4345112184733,4.88576890561488,7,-33.3277350951303,-1.74632423600819,10.5868849680844,-35.7806223951656,1.94530910685336,2.78809328513856,8.97028230095282,-0.273445942696223,0.411540375097161,-0.869403149343193,"Levallois convergent"
"EXP15_Levallois convergent",-6.40771050083504,11.4345112184733,4.88576890561488,8,-44.7102630488173,6.62518588483493,10.0799748490859,-44.1664229470155,10.3451025284079,-6.61828187293346,17.1162297088443,0.0317733584470862,0.21733271326984,-0.975580312140299,"Levallois convergent"
"EXP15_Levallois convergent",-6.40771050083504,11.4345112184733,4.88576890561488,9,17.9221101416458,57.4981333988872,13.3330429303645,10.5578799107634,58.3243586904375,3.9528985188057,11.9541475776209,-0.616039762188386,0.0691162030739038,-0.784676979320487,"Levallois convergent"
"EXP15_Levallois convergent",-6.40771050083504,11.4345112184733,4.88576890561488,10,18.822348736932,39.6266209478263,10.331289067952,-5.46123437897349,45.9406986579256,-23.6788694762063,42.2640612160622,-0.574568141754364,0.149395905845879,-0.804706352527073,"Levallois convergent"
"EXP15_Levallois convergent",-6.40771050083504,11.4345112184733,4.88576890561488,11,14.4085599573302,17.9622675141917,-12.9657517824243,-24.7045166565096,29.8101863731686,-27.7573437911544,43.4625946952288,-0.899925024911904,0.272600357665198,-0.340329244318079,"Levallois convergent"
"EXP15_Levallois convergent",-6.40771050083504,11.4345112184733,4.88576890561488,12,9.44160384689428,2.20305432223169,-11.3731352211691,17.6235468698503,15.3959101563527,-8.02894455558687,15.8801526409089,0.515230754261047,0.830776386880238,0.210589327521151,"Levallois convergent"
"EXP15_Levallois convergent",-6.40771050083504,11.4345112184733,4.88576890561488,13,7.66392982204788,0.678818091036149,-4.54063141553764,18.4018334268185,34.4793555242838,7.61980574585765,37.4920676484768,0.286404679129689,0.901538366732911,0.324346933207599,"Levallois convergent"
"EXP15_Levallois convergent",-6.40771050083504,11.4345112184733,4.88576890561488,14,19.0817550296077,48.3457429248845,10.3122268466327,16.1993344155486,48.1876329774092,13.0890990833178,4.00554200710914,-0.719608135164545,-0.0394727972381069,0.693257549604189,"Levallois convergent"
"EXP15_Levallois convergent",-6.40771050083504,11.4345112184733,4.88576890561488,15,18.6861369044339,36.2604205947534,8.78492922443976,13.5036473070786,35.4834596454635,12.2820553658623,6.30013952166449,-0.82259917888075,-0.123324403629178,0.555087094404314,"Levallois convergent"
"EXP15_Levallois convergent",-6.40771050083504,11.4345112184733,4.88576890561488,16,-45.0531127223198,7.6906389773703,11.1364354638536,-17.9592496353758,85.9850717714729,11.0514298512653,82.8498814089585,0.327023559070712,0.945015629022212,-0.00102601972558934,"Levallois convergent"
"EXP15_Levallois convergent",-6.40771050083504,11.4345112184733,4.88576890561488,17,-24.0744818365348,-5.54195146115303,8.53852135011232,-8.54104222694909,78.6093929651607,19.555870063565,86.2793050941797,0.180036679625895,0.975336372197908,0.127693989902057,"Levallois convergent"
"EXP16_Discoid",-4.10103206602162,23.3170008879886,0.237152511487382,1,9.93388777496616,35.3659053180379,2.41015517733,3.56486910288976,25.8948181514869,-8.26335195270713,15.6265685745982,-0.407576278929821,-0.606088734154138,-0.683035887186871,"Discoid"
"EXP16_Discoid",-4.10103206602162,23.3170008879886,0.237152511487382,2,13.3719499134093,32.9295567574558,3.18460718841703,2.31454618297882,20.6550701336118,-11.1577542618062,21.877671976367,-0.505419577657763,-0.561050857563975,-0.655570732832832,"Discoid"
"EXP16_Discoid",-4.10103206602162,23.3170008879886,0.237152511487382,3,-0.935768298893394,42.3433477564544,0.890249362054429,-7.03761702491134,31.9393444606839,-10.3061406465405,16.4570650991656,-0.370773809865242,-0.632190687287127,-0.680339412959034,"Discoid"
"EXP16_Discoid",-4.10103206602162,23.3170008879886,0.237152511487382,4,-18.0624311004635,33.8763558789597,-1.6016802700496,-10.9092329068219,23.8383975915842,-10.6545278255501,15.2932305233309,0.467736243348254,-0.656366113886916,-0.591951291238942,"Discoid"
"EXP16_Discoid",-4.10103206602162,23.3170008879886,0.237152511487382,5,-26.5430936130632,25.4918775397175,4.97445131413837,-20.1781393958626,14.2264296130902,-3.56001734268231,15.500326268465,0.410633563897939,-0.726787793463842,-0.550599291202265,"Discoid"
"EXP16_Discoid",-4.10103206602162,23.3170008879886,0.237152511487382,6,-7.25017331311027,20.18148119269,-12.0764582972915,-1.57221294655883,28.280678459534,-10.4727178585314,10.02038989692,0.566640662185881,0.808271669082801,0.160047708248665,"Discoid"
"EXP16_Discoid",-4.10103206602162,23.3170008879886,0.237152511487382,7,-9.39120833082547,0.800949861271931,2.46340830365257,-7.40640326843964,11.5036259433068,-11.4418658856313,17.6590876528714,0.112395674193457,0.606071859000855,-0.787428799416078,"Discoid"
"EXP16_Discoid",-4.10103206602162,23.3170008879886,0.237152511487382,8,16.332633460593,12.9827786760927,0.497604460051979,8.45940241613602,20.2454606668961,-8.15473600304933,13.7694339850395,-0.571790463791845,0.527449566822741,-0.628372994307688,"Discoid"
"EXP16_Discoid",-4.10103206602162,23.3170008879886,0.237152511487382,9,13.1267265500589,6.55417767761327,-3.24543441005189,6.54195999767842,16.5591912458108,14.1564516364359,21.1254605872655,-0.311698129618522,0.473599783865944,0.823739959401294,"Discoid"
"EXP16_Discoid",-4.10103206602162,23.3170008879886,0.237152511487382,10,-17.2616287217967,5.06195941977518,-0.132658065667129,-10.714154672561,12.6516600672116,11.3290250972172,15.2263965950404,0.430008111792408,0.498456781948566,0.752750862053447,"Discoid"
"EXP16_Discoid",-4.10103206602162,23.3170008879886,0.237152511487382,11,-24.3625200869664,15.9894182545016,3.9484084742853,-21.4571509685466,16.2411087291806,6.4233853314215,3.82492199301785,0.759589116777652,0.0658027732692206,0.647065969359404,"Discoid"
"EXP16_Discoid",-4.10103206602162,23.3170008879886,0.237152511487382,12,-20.6120692381431,15.9944210607512,7.6205192952787,-15.0987957975885,16.1813315680602,11.426261131162,6.70184978117677,0.822649510294828,0.0278893907520862,0.567864389705109,"Discoid"
"EXP16_Discoid",-4.10103206602162,23.3170008879886,0.237152511487382,13,-13.6445651308843,38.9506165580267,-4.14473177912868,-10.1469629839723,22.5776701098455,13.5487619596258,24.3591115777328,0.14358496350537,-0.672148752056627,0.726360388074598,"Discoid"
"EXP16_Discoid",-4.10103206602162,23.3170008879886,0.237152511487382,14,4.75286783699255,41.3362319221032,-1.80293912951172,0.491541428480301,24.2589792923239,14.7942329131586,24.1920974691155,-0.176145388548984,-0.705902109214827,0.686057588179729,"Discoid"
"EXP16_Discoid",-4.10103206602162,23.3170008879886,0.237152511487382,15,19.0299113078022,21.8959354463785,0.571786048802878,10.9887679341825,19.0957646324382,11.0401071788742,13.4939501490353,-0.595907298071246,-0.207513054592138,0.77577885011082,"Discoid"
"EXP17_Discoid",7.23128502293293,18.3475294515579,-0.168235405930912,1,7.85861539130986,32.1888892344583,1.30577333503049,9.12023117044703,25.1516822804137,-3.19920765673309,8.45037335414083,0.149297045972407,-0.83276876170167,-0.533110290275643,"Discoid"
"EXP17_Discoid",7.23128502293293,18.3475294515579,-0.168235405930912,2,15.6895065288085,32.6654869329504,1.04310525878424,14.6603895186133,20.4781848734523,-5.69998799144752,13.9663423948949,-0.073685506276243,-0.872619452889314,-0.482810249066823,"Discoid"
"EXP17_Discoid",7.23128502293293,18.3475294515579,-0.168235405930912,3,-0.430226825822947,31.1422638524609,-0.657523947799544,1.02479580865667,28.4897720919135,-1.3211365717973,3.09728673541036,0.469773307664664,-0.856392057674944,-0.214256115331807,"Discoid"
"EXP17_Discoid",7.23128502293293,18.3475294515579,-0.168235405930912,4,-2.78767097006318,29.3638356172273,-0.512098677337917,2.09570729391616,21.1865694669056,-4.39799456724827,10.2866540638599,0.474729512012667,-0.794939355358602,-0.377760918738646,"Discoid"
"EXP17_Discoid",7.23128502293293,18.3475294515579,-0.168235405930912,5,9.93395658593929,24.691222230379,-5.19647131068143,9.77433834247712,23.5246765808154,-6.42074732495062,1.69857543114125,-0.093971831062532,-0.686778831352732,-0.720766350333123,"Discoid"
"EXP17_Discoid",7.23128502293293,18.3475294515579,-0.168235405930912,6,4.00625726552804,22.0295223936738,-6.04966925135559,5.41911447001241,21.3667801293834,-7.04023599698137,1.84840884727375,0.76436401317177,-0.358547442178683,-0.535902404431134,"Discoid"
"EXP17_Discoid",7.23128502293293,18.3475294515579,-0.168235405930912,7,-11.6990343789262,23.5898965060531,-1.43829145684619,2.03390135044789,11.4198268117317,-4.11055486277786,18.543061015443,0.740597019981601,-0.656313954000689,-0.144111234046319,"Discoid"
"EXP17_Discoid",7.23128502293293,18.3475294515579,-0.168235405930912,8,-13.4105174241995,14.4006287190219,-1.70782038122322,-11.0419019193276,14.0770076521263,-1.37222495658455,2.41406178336357,0.981174351541089,-0.134056662975991,0.139016916199664,"Discoid"
"EXP17_Discoid",7.23128502293293,18.3475294515579,-0.168235405930912,9,3.10983046515212,-0.948635104419878,0.712932982808738,3.86309319060108,4.60982896757026,-2.09538863808329,6.27300549175,0.120080036027327,0.886092651967292,-0.447683590359584,"Discoid"
"EXP17_Discoid",7.23128502293293,18.3475294515579,-0.168235405930912,10,8.87516228380811,0.607157489640962,1.54069101136068,6.88778910384557,8.32022543600014,-3.97805508388141,9.6900788317401,-0.205093602897517,0.79597576864853,-0.569525407488461,"Discoid"
"EXP17_Discoid",7.23128502293293,18.3475294515579,-0.168235405930912,11,13.7395402035579,2.98759068450595,0.990280241908655,12.0469421770532,5.2792309045351,-2.56795669355769,4.5582401281964,-0.371327086529433,0.502746708286278,-0.780616386016125,"Discoid"
"EXP17_Discoid",7.23128502293293,18.3475294515579,-0.168235405930912,12,19.3945892907621,10.6793789055303,-2.30001762741111,8.55948857659587,21.9870818268259,-7.29340129272983,16.4376833304293,-0.659162273439614,0.687913417845374,-0.303776606772502,"Discoid"
"EXP17_Discoid",7.23128502293293,18.3475294515579,-0.168235405930912,13,16.6393891600433,32.4870728304966,1.87430777804768,3.96304754126082,26.8310164528672,7.8979641900978,15.1315910317928,-0.837740168376768,-0.373791253394674,0.398084801485441,"Discoid"
"EXP17_Discoid",7.23128502293293,18.3475294515579,-0.168235405930912,14,20.977057847863,28.2149588625977,1.82728835444379,14.365657592051,25.1466260577716,9.04525177165652,10.2578884491861,-0.644518634469711,-0.299119338256173,0.703650020466488,"Discoid"
"EXP17_Discoid",7.23128502293293,18.3475294515579,-0.168235405930912,15,23.8811755902994,23.750079570585,2.46645895039521,15.3116581637758,21.2772684820775,8.22288549795948,10.6154543096582,-0.807268080719529,-0.232944442731739,0.542268505863845,"Discoid"
"EXP17_Discoid",7.23128502293293,18.3475294515579,-0.168235405930912,16,23.7000553737528,16.4674218494769,-0.287149857206084,11.4799633858362,17.2079195993073,9.16818953922418,15.468756517973,-0.78998541180205,0.0478705414342769,0.611254006451274,"Discoid"
"EXP17_Discoid",7.23128502293293,18.3475294515579,-0.168235405930912,17,15.0941438068898,11.1232367490862,5.1906572100645,2.89147609815629,8.81819585229769,7.66572329279683,12.6627115918956,-0.963669402100532,-0.182033751622664,0.195460985174489,"Discoid"
"EXP17_Discoid",7.23128502293293,18.3475294515579,-0.168235405930912,18,-4.4682808804191,0.840977964738308,-1.43640497893956,-4.03605026386652,6.61445279146627,4.44237671812725,8.25105503087421,0.0523848907727849,0.699725647826185,0.71248848481428,"Discoid"
"EXP17_Discoid",7.23128502293293,18.3475294515579,-0.168235405930912,19,-12.7091338785577,12.3220742911377,-0.562520346730663,-2.1740783044198,15.9690408101483,10.7423997417248,15.8773101924514,0.663528988628478,0.229696748051474,0.712017334890273,"Discoid"
"EXP18_Discoid",-2.41759637245444,13.6457108432048,-0.490486816288125,1,-15.3959306844584,13.5942491894332,-0.206492042789457,-12.0708243290052,14.1833990418687,-2.06417479892202,3.85414258248605,0.862735688752952,0.152861457464688,-0.481996375685276,"Discoid"
"EXP18_Discoid",-2.41759637245444,13.6457108432048,-0.490486816288125,2,-13.2113040355298,8.33755213970486,-2.55856369852221,-8.18731740183467,10.6636399753434,-4.56385572168678,5.88832084832518,0.853212106321304,0.395034152444356,-0.340554136708589,"Discoid"
"EXP18_Discoid",-2.41759637245444,13.6457108432048,-0.490486816288125,3,-13.6692707329655,20.9643744136927,-1.55618918572321,-2.75001472145477,14.1967902496701,-5.95176275705547,13.5776070897282,0.804210634418153,-0.498437178163924,-0.323736984159574,"Discoid"
"EXP18_Discoid",-2.41759637245444,13.6457108432048,-0.490486816288125,4,-3.93217074515396,26.1128562679441,-2.13017613721602,-3.5663721729949,19.873277818309,-4.83313573733364,6.80970912920753,0.0537172095339742,-0.916276794095789,-0.396927320804989,"Discoid"
"EXP18_Discoid",-2.41759637245444,13.6457108432048,-0.490486816288125,5,0.605113014707305,25.173195145434,-1.63724422922109,1.29648977987584,13.6168877880317,-5.83576440476662,12.3147802755319,0.056142030121498,-0.938409545183964,-0.340933421596449,"Discoid"
"EXP18_Discoid",-2.41759637245444,13.6457108432048,-0.490486816288125,6,4.6982159343249,25.563690805852,-2.40643239478604,6.75246505745605,15.3601889248094,-4.17358075661121,10.5571872877688,0.194582995180084,-0.966498140358282,-0.167388179602775,"Discoid"
"EXP18_Discoid",-2.41759637245444,13.6457108432048,-0.490486816288125,7,6.7801955658786,4.49603498947277,1.81606132968939,3.38720577450374,8.00686174623885,-4.26901538296682,7.80169486966195,-0.434904190443156,0.45000821173082,-0.779968559949574,"Discoid"
"EXP18_Discoid",-2.41759637245444,13.6457108432048,-0.490486816288125,8,7.64342528947009,4.94085580428461,1.52247457847908,1.22347051465343,12.9025850147741,-6.04772095937255,12.7244965249381,-0.504535072349191,0.62570092222397,-0.594930850349576,"Discoid"
"EXP18_Discoid",-2.41759637245444,13.6457108432048,-0.490486816288125,9,-7.94039144025088,2.50031858683563,-1.53248635169264,-0.995223689400011,10.9940157133449,-6.55470776968936,12.0665220314602,0.575573287210946,0.703905989179334,-0.416211183711645,"Discoid"
"EXP18_Discoid",-2.41759637245444,13.6457108432048,-0.490486816288125,10,-11.608959948466,4.88433175085044,-2.34069498884961,-9.67828537264541,10.8151612284003,5.29069800071579,9.85598303421236,0.195888585554457,0.601749156523765,0.774290394278795,"Discoid"
"EXP18_Discoid",-2.41759637245444,13.6457108432048,-0.490486816288125,11,-7.21127907286908,2.93934841673111,0.612061216189144,-5.75464275657458,10.8184669295419,7.33027972879443,10.456421848796,0.139305427550461,0.75351957168006,0.642496889447787,"Discoid"
"EXP18_Discoid",-2.41759637245444,13.6457108432048,-0.490486816288125,12,-15.1344258462837,12.4565697035845,1.03322333097015,-13.6195365861854,12.8310148920264,2.48348295246743,2.13034073313489,0.711101861094786,0.17576774579663,0.68076416084067,"Discoid"
"EXP18_Discoid",-2.41759637245444,13.6457108432048,-0.490486816288125,13,-14.4606144272534,19.9522288989011,-0.786355884674584,-6.07544857571963,16.6613940191345,9.86689624296886,13.9510709789161,0.601041014285286,-0.235884032468898,0.763615362845147,"Discoid"
"EXP18_Discoid",-2.41759637245444,13.6457108432048,-0.490486816288125,14,-8.62787809736956,24.5171521823876,-3.04822078921002,-7.86384266256487,23.3040626084216,3.410237266672,6.61566451081745,0.115488842210091,-0.183366247182339,0.976237238953339,"Discoid"
"EXP18_Discoid",-2.41759637245444,13.6457108432048,-0.490486816288125,15,-0.480592827295749,25.4735841252871,-0.744564721855839,-0.13951272394614,19.0729282910626,9.9797003340261,12.4937821228763,0.0272999881056904,-0.512307303847147,0.858368182701512,"Discoid"
"EXP18_Discoid",-2.41759637245444,13.6457108432048,-0.490486816288125,16,10.2660238667824,20.9552392941062,-1.79771181013611,1.84544451366091,15.6279242005401,10.3894482068556,15.7420872830801,-0.534908694234725,-0.338412244689556,0.774176879967542,"Discoid"
"EXP18_Discoid",-2.41759637245444,13.6457108432048,-0.490486816288125,17,13.3345666579562,14.7197685131373,-0.977988154188661,12.3753669679383,14.7679792704808,2.48084466765624,3.58969536478035,-0.267209217648061,0.0134303199699005,0.963544944727239,"Discoid"
"EXP18_Discoid",-2.41759637245444,13.6457108432048,-0.490486816288125,18,5.70341227244128,6.48725938344721,4.54259242893935,5.36740774452611,10.7044749545773,7.86955591671512,5.38205279286213,-0.0624305522162099,0.783570086254664,0.618158835637604,"Discoid"
"EXP18_Discoid",-2.41759637245444,13.6457108432048,-0.490486816288125,19,9.6129818085734,6.68974046158389,1.4629341495047,8.52590875838496,10.7495831708911,6.11723278513735,6.27108813766898,-0.173346798246806,0.647390471985339,0.742183578584289,"Discoid"
"EXP18_Discoid",-2.41759637245444,13.6457108432048,-0.490486816288125,20,4.67695599867306,2.15586679142673,0.924037029331153,5.0698285168584,5.63189046489301,4.08335918262653,4.71364040443755,0.0833480037669988,0.737439298550193,0.670250991212886,"Discoid"
"EXP19_Levallois preferential",7.09359743832298,39.9266610349666,3.07775488567277,1,32.3764174043882,6.81904689855793,2.35315044108942,16.7952865902179,11.0908661064934,6.08964822202102,16.5825659190753,-0.939609158812201,0.257609059344761,0.225326876381261,"Levallois preferential"
"EXP19_Levallois preferential",7.09359743832298,39.9266610349666,3.07775488567277,2,36.1358657393247,19.8626199714095,7.46886066790336,27.0694173220971,19.7691459367357,8.6814620251652,9.14765687753102,-0.991122485092016,-0.0102183582009329,0.132558683988279,"Levallois preferential"
"EXP19_Levallois preferential",7.09359743832298,39.9266610349666,3.07775488567277,3,28.253822498443,26.2091591533604,9.23867507177004,23.8470975680961,25.851540342365,9.72846282066323,4.44825897005609,-0.990662854840785,-0.0803952317980429,0.110107741520951,"Levallois preferential"
"EXP19_Levallois preferential",7.09359743832298,39.9266610349666,3.07775488567277,4,37.5203735248348,34.6824077511651,6.81406784479248,14.8022253767417,46.4755153073143,10.7846034892078,25.9028337139623,-0.87705261899,0.455282525702676,0.153285763567834,"Levallois preferential"
"EXP19_Levallois preferential",7.09359743832298,39.9266610349666,3.07775488567277,5,43.5098074104,44.706459829967,3.54857453607374,35.9837438734308,42.6323982317948,6.81194557909808,8.46126198861371,-0.889472935254454,-0.245124379904941,0.385683725124673,"Levallois preferential"
"EXP19_Levallois preferential",7.09359743832298,39.9266610349666,3.07775488567277,6,34.7634526185108,53.8278715963363,6.52970933355578,31.0385816397969,45.6533776973514,8.08698047424756,9.11713264783604,-0.408557286878794,-0.896607981339955,0.170807116759609,"Levallois preferential"
"EXP19_Levallois preferential",7.09359743832298,39.9266610349666,3.07775488567277,7,27.6549957754036,57.6275211007382,8.06455527700747,23.7162684152498,49.0229978207255,9.56500745457929,9.58137520563128,-0.41108163239854,-0.898046793424353,0.156600920574528,"Levallois preferential"
"EXP19_Levallois preferential",7.09359743832298,39.9266610349666,3.07775488567277,8,10.46173358041,63.2313989301491,3.44465946827365,9.61051399922763,58.5941144110941,7.21172489299703,6.03487898803292,-0.141049983416451,-0.768413837004954,0.624215569557139,"Levallois preferential"
"EXP19_Levallois preferential",7.09359743832298,39.9266610349666,3.07775488567277,9,4.25246617377348,64.4489236363649,6.15430070556209,2.96823650677771,57.6216009084542,7.92926550589271,7.17022185926279,-0.179105987541621,-0.952177333131027,0.247546705690514,"Levallois preferential"
"EXP19_Levallois preferential",7.09359743832298,39.9266610349666,3.07775488567277,10,-4.49852753301948,67.2402042293865,5.77792134491687,-7.45299707004414,53.0912580157402,11.4772282000414,15.537170522033,-0.190154927683581,-0.910651408091448,0.36681755195017,"Levallois preferential"
"EXP19_Levallois preferential",7.09359743832298,39.9266610349666,3.07775488567277,11,-11.2716242812833,67.5854471688424,3.54079574370748,-12.3531647465301,58.8606583182611,7.43330796102043,9.61474501102996,-0.112487690937832,-0.90743840222204,0.404848200638445,"Levallois preferential"
"EXP19_Levallois preferential",7.09359743832298,39.9266610349666,3.07775488567277,12,-15.6611116109497,68.6145345867871,4.3607885110002,-17.091610042781,48.8720518964342,11.2185470373027,20.948527407611,-0.0682863479612209,-0.942428186297241,0.327362319692741,"Levallois preferential"
"EXP19_Levallois preferential",7.09359743832298,39.9266610349666,3.07775488567277,13,-20.7966246245378,69.219588670917,4.15026329966744,-23.6943079940838,50.7471045752001,7.388584868638,18.9767216389111,-0.152696731536833,-0.973428627305135,0.170647050138023,"Levallois preferential"
"EXP19_Levallois preferential",7.09359743832298,39.9266610349666,3.07775488567277,14,-24.311343174459,69.1125898938281,3.07808058174409,-29.8484616081815,24.0401497761666,7.66372038243487,45.6422242127936,-0.121315701178524,-0.987516294287593,0.100469244866586,"Levallois preferential"
"EXP19_Levallois preferential",7.09359743832298,39.9266610349666,3.07775488567277,15,-28.2320195020052,23.481834550143,9.30081940994183,-28.2502288955158,13.711443045505,9.81878505920488,9.78412848186958,-0.00186111553464722,-0.998595993781459,0.052939375256862,"Levallois preferential"
"EXP19_Levallois preferential",7.09359743832298,39.9266610349666,3.07775488567277,16,-9.7294329863072,0.304570249537495,1.45152220890515,-16.0210489946097,12.5289710913316,-8.34075885930809,16.8792528405636,-0.372742565546667,0.724226419099365,-0.580137116299414,"Levallois preferential"
"EXP19_Levallois preferential",7.09359743832298,39.9266610349666,3.07775488567277,17,11.2153237869299,-1.22333400566597,1.27786193868361,7.76436259359236,8.84378546847049,-18.132712513097,22.1365405656027,-0.155894331506338,0.454773836241578,-0.876856724484856,"Levallois preferential"
"EXP19_Levallois preferential",7.09359743832298,39.9266610349666,3.07775488567277,18,23.4789416903108,-1.16972004623737,-0.123814096580777,22.2051677160619,3.72919474685183,-10.7410625323698,11.7621354623506,-0.10829444859959,0.416498756435013,-0.902663336073089,"Levallois preferential"
"EXP19_Levallois preferential",7.09359743832298,39.9266610349666,3.07775488567277,19,28.1089163105828,13.2914707563292,-16.4311961880428,17.7487423620585,15.6873436518007,-21.7492630716381,11.889291255299,-0.871387009205181,0.201515199184284,-0.447298898597089,"Levallois preferential"
"EXP19_Levallois preferential",7.09359743832298,39.9266610349666,3.07775488567277,20,32.2536017203052,3.99787095791744,0.865661334118691,30.7660868949296,6.35974767668062,-6.62544706551703,7.9942396164639,-0.186073334893812,0.295447326084518,-0.937063280441083,"Levallois preferential"
"EXP19_Levallois preferential",7.09359743832298,39.9266610349666,3.07775488567277,21,33.3199363305458,10.1596885962292,3.56743273155657,33.1498246574761,14.0047244387667,-3.7901322767648,8.30343311307967,-0.0204869083369454,0.463065793410293,-0.886087104950799,"Levallois preferential"
"EXP19_Levallois preferential",7.09359743832298,39.9266610349666,3.07775488567277,22,36.8870363359976,22.4968547272855,7.72593624882101,26.1451578312696,29.0192367307753,-18.1340179705605,28.7518113001302,-0.373607018792566,0.226851168971754,-0.899420003471726,"Levallois preferential"
"EXP19_Levallois preferential",7.09359743832298,39.9266610349666,3.07775488567277,23,-22.7219008511011,69.5325260041493,2.62167262990132,6.93746727291033,62.5639638180461,0.0725192112657138,30.5734715007792,0.970101420221632,-0.227928391642592,-0.0833779513252408,"Levallois preferential"
"EXP19_Levallois preferential",7.09359743832298,39.9266610349666,3.07775488567277,24,-26.4948658842349,68.2215443314192,0.274812908906565,-14.9444121093245,61.2078095933036,-9.39447108576737,16.6162724566207,0.695129055271854,-0.422100369166794,-0.581916553181052,"Levallois preferential"
"EXP19_Levallois preferential",7.09359743832298,39.9266610349666,3.07775488567277,25,-33.9277405189172,60.2342520221012,-2.07212354509683,-8.219264247252,40.3407358640968,-24.4241614062855,39.4498584774086,0.651674740135949,-0.504273448012409,-0.566593613358304,"Levallois preferential"
"EXP19_Levallois preferential",7.09359743832298,39.9266610349666,3.07775488567277,26,-38.1139665369482,55.5778553481128,-2.96136138068642,-29.4514832761555,57.3134337931884,-6.71063575554649,9.59728644568385,0.902597136161174,0.180840538093567,-0.390659838703284,"Levallois preferential"
"EXP20_Cylindrical bidirectional",-3.69886855997791,27.9452266566117,4.55892074203855,1,-10.0599922090632,53.1234990395139,8.19994462167938,-7.38435258493276,35.3256146868541,8.9103325402485,18.0118956754618,0.14854847442713,-0.988118334313166,0.0394399307751321,"Cylindrical bidirectional"
"EXP20_Cylindrical bidirectional",-3.69886855997791,27.9452266566117,4.55892074203855,2,-13.4024814773307,53.1152368209182,5.99255957949123,-9.82953397185766,20.759869902298,6.86406985577647,32.5637106681207,0.109721755664992,-0.993601965340379,0.0267632360810289,"Cylindrical bidirectional"
"EXP20_Cylindrical bidirectional",-3.69886855997791,27.9452266566117,4.55892074203855,3,-10.4153478278242,20.1393567827021,6.50459999135197,-8.25864065158421,4.71705647560289,4.31225737369326,15.7259371345431,0.137143316661405,-0.980691972449967,-0.139409346413009,"Cylindrical bidirectional"
"EXP20_Cylindrical bidirectional",-3.69886855997791,27.9452266566117,4.55892074203855,4,8.09990112546809,1.43720008760496,1.26964832258315,9.66296772125271,14.5149200960108,7.77271519174041,14.6887649755126,0.106412390584939,0.890321278215524,0.442723869569594,"Cylindrical bidirectional"
"EXP20_Cylindrical bidirectional",-3.69886855997791,27.9452266566117,4.55892074203855,5,8.9544275866749,40.2849965566769,9.72429145371944,9.09725696314255,15.6777582652352,8.44557169867963,24.6408543028546,0.00579644580143861,-0.998635761122578,-0.0518942947076178,"Cylindrical bidirectional"
"EXP20_Cylindrical bidirectional",-3.69886855997791,27.9452266566117,4.55892074203855,6,-7.8502467603622,4.60922011144752,3.82682843717298,-3.05206865053724,6.37477267523674,-0.574812578485417,6.74641628272614,0.711218802508593,0.261702286043307,-0.652441360152734,"Cylindrical bidirectional"
"EXP20_Cylindrical bidirectional",-3.69886855997791,27.9452266566117,4.55892074203855,7,5.06689193913917,0.302601726405487,1.71885878387338,-2.9215828094471,9.48209653401249,-5.07162486054382,13.9351900545626,-0.573259117192355,0.658727636412928,-0.48729035038843,"Cylindrical bidirectional"
"EXP20_Cylindrical bidirectional",-3.69886855997791,27.9452266566117,4.55892074203855,8,10.5354906132732,2.88459400550689,-0.23201750060347,5.07669935477992,8.02737043270283,-6.36058129764998,9.68534179047875,-0.563613693412409,0.530985538605523,-0.632766909999113,"Cylindrical bidirectional"
"EXP20_Cylindrical bidirectional",-3.69886855997791,27.9452266566117,4.55892074203855,9,-12.8746170723491,28.8773277825689,0.886805798583211,-9.0653389010608,28.9723455388876,-13.5738122936359,14.9542336536944,0.254729079369925,0.00635390341752782,-0.966991584262609,"Cylindrical bidirectional"
"EXP20_Cylindrical bidirectional",-3.69886855997791,27.9452266566117,4.55892074203855,10,-15.7281339034111,50.8261969509721,-2.05852514939049,-7.43814637131173,52.029332737368,2.63256502938123,9.60092475068092,0.863457192653385,0.125314573089489,0.488608160212797,"Cylindrical bidirectional"
"EXP20_Cylindrical bidirectional",-3.69886855997791,27.9452266566117,4.55892074203855,11,-3.01344617397192,51.7972633584121,14.3151338239632,5.99583475356931,52.4210120307002,-2.97754084809,19.5087878288481,0.461806289892548,0.0319727026486908,-0.886404364215914,"Cylindrical bidirectional"
"EXP21_Levallois preferential",-1.09933789577818,34.2330563588892,-0.113511528631399,1,33.2162342403988,45.0654571183304,4.79273393793356,27.8744604484822,42.9188582423673,-2.97329803872382,9.6671446994838,-0.552569963311069,-0.222050971894291,-0.803342891626735,"Levallois preferential"
"EXP21_Levallois preferential",-1.09933789577818,34.2330563588892,-0.113511528631399,2,28.4680972492871,60.2894611074548,2.65804930677005,25.843252215516,57.0271866452378,-1.38340981918158,5.81941904187042,-0.451049325522959,-0.560584216181227,-0.694478108016202,"Levallois preferential"
"EXP21_Levallois preferential",-1.09933789577818,34.2330563588892,-0.113511528631399,3,31.4034149813919,52.4409297254636,1.71214382485474,26.9714318873958,49.9014516465593,-2.9313054653828,6.90311845253362,-0.642026226910452,-0.367874040749259,-0.672659656960295,"Levallois preferential"
"EXP21_Levallois preferential",-1.09933789577818,34.2330563588892,-0.113511528631399,4,22.174453672569,64.5778782447655,0.10262315454589,21.5703436237923,58.5502978849739,-3.5057203032668,7.05101527826438,-0.0856770301773204,-0.854852829261672,-0.511748069662513,"Levallois preferential"
"EXP21_Levallois preferential",-1.09933789577818,34.2330563588892,-0.113511528631399,5,18.4482736486054,66.8924462569195,-1.85402795925025,15.2607490383936,36.4068994896849,-14.1060394187587,33.0097055370368,-0.0965632549080279,-0.923532829853022,-0.37116391255783,"Levallois preferential"
"EXP21_Levallois preferential",-1.09933789577818,34.2330563588892,-0.113511528631399,6,5.40330568874831,68.5290412478237,-3.52836983483897,8.40362724158515,54.3636532760543,-10.4787094326463,16.0613625304958,0.186803675412975,-0.881954313955213,-0.432736611517899,"Levallois preferential"
"EXP21_Levallois preferential",-1.09933789577818,34.2330563588892,-0.113511528631399,7,-2.97775990785475,45.959306235475,-13.0205792612093,3.05037059189814,28.6993780414184,-16.7386332168679,18.6565646302643,0.323110423554301,-0.925139677969323,-0.199289313404851,"Levallois preferential"
"EXP21_Levallois preferential",-1.09933789577818,34.2330563588892,-0.113511528631399,8,-10.4921166585281,62.7444972775813,-2.89987975011198,-8.06831513895548,57.8121689088372,-6.09830208181784,6.35866199411124,0.381181060074786,-0.77568651601735,-0.503002413820379,"Levallois preferential"
"EXP21_Levallois preferential",-1.09933789577818,34.2330563588892,-0.113511528631399,9,-12.7732097822176,61.3975365738928,-2.7174965587368,-8.05723792899206,41.004045821468,-12.0002050219759,22.8976752532467,0.205958543872565,-0.890635862674892,-0.40539960325985,"Levallois preferential"
"EXP21_Levallois preferential",-1.09933789577818,34.2330563588892,-0.113511528631399,10,-27.8677699140813,39.9386238249128,-1.21482349862595,-19.4130806169438,34.9092042485367,-8.31745613601009,12.133598920683,0.696799799664183,-0.414503529352933,-0.585368997592047,"Levallois preferential"
"EXP21_Levallois preferential",-1.09933789577818,34.2330563588892,-0.113511528631399,11,-31.4211955191756,40.167958252287,4.90506322603913,-28.254940584456,39.0286381942981,0.152873529664016,5.82293117051076,0.543756201473673,-0.195660917951222,-0.816116412373509,"Levallois preferential"
"EXP21_Levallois preferential",-1.09933789577818,34.2330563588892,-0.113511528631399,12,-35.5342711991686,31.2906199359809,3.9821912260618,-26.2768533358463,30.9655433856715,-5.86528027865842,13.5195471557296,0.684743191224346,-0.0240449289140315,-0.728387673883502,"Levallois preferential"
"EXP21_Levallois preferential",-1.09933789577818,34.2330563588892,-0.113511528631399,13,-33.3324173014474,18.5032734662013,5.83099693822713,-19.9794420838957,20.4973732592232,-15.7265600952066,25.4363253319898,0.524956928458466,0.0783957496609771,-0.847510666421695,"Levallois preferential"
"EXP21_Levallois preferential",-1.09933789577818,34.2330563588892,-0.113511528631399,14,-28.970756449616,8.94144760861357,1.3581908745033,-24.1908201708878,12.8484634915755,-7.69120688009125,10.9546411926306,0.436338917421028,0.35665393455244,-0.826078882499795,"Levallois preferential"
"EXP21_Levallois preferential",-1.09933789577818,34.2330563588892,-0.113511528631399,15,-25.6172929036957,5.59320328282315,3.62646398569778,-23.8906343222739,6.88462876895166,0.0487238088070134,4.17724244165433,0.413348903143389,0.3091574176425,-0.856483727450077,"Levallois preferential"
"EXP21_Levallois preferential",-1.09933789577818,34.2330563588892,-0.113511528631399,16,-23.7128812605685,10.5599438826374,-6.68062876835449,-19.4835801131404,12.3127957541694,-11.9911967295698,7.0115340653708,0.603191984521059,0.249995486749342,-0.75740457248059,"Levallois preferential"
"EXP21_Levallois preferential",-1.09933789577818,34.2330563588892,-0.113511528631399,17,-16.5283137283132,7.49629743754997,-7.06829483975173,-16.4088786089984,9.74530732657327,-10.3133596695477,3.9500324021746,0.0302364910346067,0.569364921610556,-0.821528660881238,"Levallois preferential"
"EXP21_Levallois preferential",-1.09933789577818,34.2330563588892,-0.113511528631399,18,-16.4287052949082,1.02590541707461,2.47355495188472,-14.3567468494171,6.61072178360648,-6.60593054043976,10.8591087319842,0.190803729535219,0.514297858541786,-0.836117007059887,"Levallois preferential"
"EXP21_Levallois preferential",-1.09933789577818,34.2330563588892,-0.113511528631399,19,-19.5391262612118,12.8585049711028,-12.5716182904546,-14.0150860387856,21.468407073496,-18.162582915171,11.6578008229086,0.473849253932266,0.73855285685393,-0.479589993828826,"Levallois preferential"
"EXP21_Levallois preferential",-1.09933789577818,34.2330563588892,-0.113511528631399,20,-9.93809443514986,7.75186856972609,-9.49139665639402,-8.54126768837594,19.1952903516946,-18.6293149787149,14.7106960510352,0.0949531376304672,0.77789805066112,-0.62117511575381,"Levallois preferential"
"EXP21_Levallois preferential",-1.09933789577818,34.2330563588892,-0.113511528631399,21,-3.92448241129171,-1.17895908177752,-1.47350537533819,-5.16986932215305,10.9017857189859,-13.2284093149359,16.9018682437204,-0.0736833877121266,0.714757956136106,-0.695479562974644,"Levallois preferential"
"EXP21_Levallois preferential",-1.09933789577818,34.2330563588892,-0.113511528631399,22,4.08949920912293,-0.216126511245157,-1.7756665671735,-1.2538633722872,15.1036115417391,-16.759051830286,22.0850114700293,-0.241945202911096,0.693671274464769,-0.678441362072457,"Levallois preferential"
"EXP21_Levallois preferential",-1.09933789577818,34.2330563588892,-0.113511528631399,23,28.1176940482375,24.1999104659545,4.33885299173287,24.6074958175522,25.9448954613678,-0.11448938015028,5.93285113028581,-0.591654527241806,0.294122498119939,-0.750624324475274,"Levallois preferential"
"EXP21_Levallois preferential",-1.09933789577818,34.2330563588892,-0.113511528631399,24,29.4262396497812,32.1989886862028,5.09367919662436,19.3264844461576,35.2093196693435,-11.1313574098702,19.3473243804735,-0.522023356046939,0.155594175398168,-0.838619143785577,"Levallois preferential"
"EXP21_Levallois preferential",-1.09933789577818,34.2330563588892,-0.113511528631399,25,17.9353458073661,6.91010060772265,2.0257458372787,2.70954011407899,26.9157052117565,-17.11754354567,31.5992864315318,-0.481840174659571,0.633103049569846,-0.605813976984185,"Levallois preferential"
"EXP21_Levallois preferential",-1.09933789577818,34.2330563588892,-0.113511528631399,26,29.4949717243613,31.3674479132799,5.99052567577884,25.3141940974743,33.6225087838207,8.87339501146693,5.55653999373473,-0.752406647230284,0.405839042476714,0.518824545299533,"Levallois preferential"
"EXP21_Levallois preferential",-1.09933789577818,34.2330563588892,-0.113511528631399,27,31.7262610159553,39.6508488319345,6.51711401398095,25.6040251644756,38.1632678887829,10.4803027212291,7.44322064786679,-0.822525105880653,-0.19985716043201,0.53245616309709,"Levallois preferential"
"EXP21_Levallois preferential",-1.09933789577818,34.2330563588892,-0.113511528631399,28,31.0663204809801,51.7038884217524,2.69386773375155,19.7436703318891,45.5223492992513,10.381687040148,15.0172034017498,-0.753978610143332,-0.41163051182891,0.51193415316601,"Levallois preferential"
"EXP21_Levallois preferential",-1.09933789577818,34.2330563588892,-0.113511528631399,29,12.8883361151984,68.9192738525296,-1.18371790790305,14.0754548315097,56.0906662618301,7.61167250297569,15.5994011437153,0.0761002749640498,-0.822378210067883,0.563828722003359,"Levallois preferential"
"EXP21_Levallois preferential",-1.09933789577818,34.2330563588892,-0.113511528631399,30,-4.67053214662819,66.6752928306864,-3.9664789169625,-2.14608917440829,64.0818666611982,2.57469645459944,7.4756703283455,0.337687840867991,-0.346915534738702,0.874995162207697,"Levallois preferential"
"EXP21_Levallois preferential",-1.09933789577818,34.2330563588892,-0.113511528631399,31,5.5477928039749,69.1345728050109,-2.46039228644971,0.173387758266903,46.5100236230129,10.8989353236236,26.8183908815806,-0.200399981842283,-0.843620681117636,0.498140536062092,"Levallois preferential"
"EXP21_Levallois preferential",-1.09933789577818,34.2330563588892,-0.113511528631399,32,-12.366408850767,61.4979706621125,-1.64585170140113,-9.58452053540847,47.0054611723895,11.1501888272683,19.5322908825409,0.142425091459455,-0.741976943558487,0.655122361509949,"Levallois preferential"
"EXP21_Levallois preferential",-1.09933789577818,34.2330563588892,-0.113511528631399,33,-24.3148428639712,49.7150718203969,1.60794922368472,-20.8396177298757,48.0154632537415,6.64912840382294,6.35447452892499,0.546894179570097,-0.26746642211231,0.793327466683709,"Levallois preferential"
"EXP21_Levallois preferential",-1.09933789577818,34.2330563588892,-0.113511528631399,34,-34.6000358541618,34.4491075674951,3.67336857058443,-22.2976992175614,30.0684695374409,9.64390150567335,14.3591343680453,0.856760325606947,-0.30507674890228,0.415800338798675,"Levallois preferential"
"EXP21_Levallois preferential",-1.09933789577818,34.2330563588892,-0.113511528631399,35,25.6291592655427,17.2865878351531,2.20852057285701,19.4663304340372,20.9585243957311,4.73622102775417,7.60610589599128,-0.810247571592926,0.482761693143569,0.33232517262603,"Levallois preferential"
"EXP21_Levallois preferential",-1.09933789577818,34.2330563588892,-0.113511528631399,36,-20.7053775358069,2.28443337736652,5.62033934287833,-19.9456881884194,11.7536920172745,7.2916294994948,9.64557918849925,0.0787603660227382,0.981720066245326,0.173270067453202,"Levallois preferential"
"EXP21_Levallois preferential",-1.09933789577818,34.2330563588892,-0.113511528631399,37,0.00468853324995533,0.000474757709064022,-1.85917297207549,0.00468853324994822,45.0413185707595,10.4305281518399,46.6874112058783,-1.52191504606415e-16,0.964732090507932,0.263233724177194,"Levallois preferential"
"EXP22_Cylindrical unidirectional",0.276430083464651,44.5560212890755,7.22108383475853,1,-13.5207766843888,54.5749310520768,-6.0238724971539,-12.2811601238026,52.8903423870813,-1.92028727295814,4.60585495643845,0.269139296028715,-0.365749395264958,0.890949728770645,"Cylindrical unidirectional"
"EXP22_Cylindrical unidirectional",0.276430083464651,44.5560212890755,7.22108383475853,2,-2.16564424149678,57.9769893307,-9.85162793674316,-0.94149626525172,57.3113944597467,-5.34862738669399,4.71365768312967,0.259702349754061,-0.141205602039263,0.955309199937355,"Cylindrical unidirectional"
"EXP22_Cylindrical unidirectional",0.276430083464651,44.5560212890755,7.22108383475853,3,-25.2004678408228,44.5570418258207,5.04516152924629,-1.44991865228132,52.485811676855,3.96593422611717,25.0622965763279,0.947660527286816,0.316362462110645,-0.0430617880465304,"Cylindrical unidirectional"
"EXP22_Cylindrical unidirectional",0.276430083464651,44.5560212890755,7.22108383475853,4,15.0254875776952,46.7198482577337,24.0286808548296,8.08948078781038,47.7236513234443,18.5990721551351,8.86546453469058,-0.782362476635512,0.113226223147447,-0.612444917967741,"Cylindrical unidirectional"
"EXP22_Cylindrical unidirectional",0.276430083464651,44.5560212890755,7.22108383475853,5,28.9709696975235,54.2412477488757,5.20403508800093,-0.655124116294319,51.8934081113308,6.17904149438815,29.7349697010315,-0.996338456426615,-0.0789588710246275,0.0327898906973966,"Cylindrical unidirectional"
"EXP22_Cylindrical unidirectional",0.276430083464651,44.5560212890755,7.22108383475853,6,21.3800754160687,45.0076256630833,29.6057823026605,15.1750454331586,44.7282219564097,26.1853734168504,7.09081521873508,-0.875079915566749,-0.0394036084786703,-0.482371741513277,"Cylindrical unidirectional"
"EXP22_Cylindrical unidirectional",0.276430083464651,44.5560212890755,7.22108383475853,7,-14.1019827922933,38.3029688705502,21.6578232719102,1.87003638723991,44.3881514307832,15.8719142190224,18.044710777151,0.885135781713814,0.337228046233817,-0.320642936555911,"Cylindrical unidirectional"
"EXP22_Cylindrical unidirectional",0.276430083464651,44.5560212890755,7.22108383475853,8,-25.9952378555149,36.8836596252914,10.4367964641838,-13.9234452434779,7.85049839638034,-2.59644218382803,34.037008350735,0.354666675979364,-0.852988045533798,-0.382913754161665,"Cylindrical unidirectional"
"EXP22_Cylindrical unidirectional",0.276430083464651,44.5560212890755,7.22108383475853,9,-11.6757022294879,20.1046945565163,17.7226145775246,-9.62176171713432,1.63196484949093,6.58283697097319,21.6692191733004,0.0947860878570242,-0.852487095141225,-0.514083018749342,"Cylindrical unidirectional"
"EXP22_Cylindrical unidirectional",0.276430083464651,44.5560212890755,7.22108383475853,10,-15.5791507973581,21.4380398470269,13.6722531184672,-13.2210639599589,10.6237924652976,7.44771069666375,12.6985608762089,0.185697171544622,-0.851612043849003,-0.490176995840942,"Cylindrical unidirectional"
"EXP22_Cylindrical unidirectional",0.276430083464651,44.5560212890755,7.22108383475853,11,-14.9376494783434,38.4172927441366,20.264236646743,-14.7073354014437,22.3508320526235,14.7929855279851,16.9740623461346,0.0135685890745022,-0.946530085956226,-0.322330094422204,"Cylindrical unidirectional"
"EXP22_Cylindrical unidirectional",0.276430083464651,44.5560212890755,7.22108383475853,12,-25.2745009099287,44.0537372433984,4.12796572144439,-7.83904212689918,7.59624505028872,-8.64358212934945,42.3822650939103,0.41138572335377,-0.860206317721042,-0.301341795264947,"Cylindrical unidirectional"
"EXP22_Cylindrical unidirectional",0.276430083464651,44.5560212890755,7.22108383475853,13,-10.275347066947,52.4853176341358,-8.03963495576473,-4.99049138211382,42.3709807151661,-12.1899470366929,12.1430886223005,0.435215112827855,-0.832929515180751,-0.341783891233914,"Cylindrical unidirectional"
"EXP22_Cylindrical unidirectional",0.276430083464651,44.5560212890755,7.22108383475853,14,-15.2064733871397,47.03747505979,-6.27534892945373,-11.9564364149172,41.2245127458067,-8.28357320379791,6.95602155838154,0.467226408794896,-0.835673418375063,-0.28870299746619,"Cylindrical unidirectional"
"EXP22_Cylindrical unidirectional",0.276430083464651,44.5560212890755,7.22108383475853,15,-21.6653702108368,47.6615792184018,-4.00112736973878,-17.4099357981957,42.4240974879404,-5.30229282432241,6.87262456834422,0.619186217772164,-0.762078835876699,-0.189325845118456,"Cylindrical unidirectional"
"EXP22_Cylindrical unidirectional",0.276430083464651,44.5560212890755,7.22108383475853,16,9.27136501379202,40.5589438992353,-19.5036085430022,8.30203528629369,30.8005751722456,-19.5670250179388,9.80659889981205,-0.0988446389417349,-0.995081865454564,-0.00646671446283006,"Cylindrical unidirectional"
"EXP22_Cylindrical unidirectional",0.276430083464651,44.5560212890755,7.22108383475853,17,8.81216772530809,46.3476677848378,-15.2461390255727,9.7610289334537,41.3745527101555,-17.4451798041894,5.5197818330415,0.171901940483538,-0.900962252695048,-0.398392698322471,"Cylindrical unidirectional"
"EXP22_Cylindrical unidirectional",0.276430083464651,44.5560212890755,7.22108383475853,18,3.49389208907911,59.6599717538053,-9.35137133647183,6.99723417320722,47.0452312127065,-12.711235911485,13.5164261045623,0.259191450241836,-0.933289646502107,-0.248576402447028,"Cylindrical unidirectional"
"EXP22_Cylindrical unidirectional",0.276430083464651,44.5560212890755,7.22108383475853,19,14.1429286930419,59.3770117865644,-6.5273720893276,19.0976495386873,24.2858105191456,-19.5542367919342,37.7576597398301,0.131224257006021,-0.929379667839994,-0.345012503221028,"Cylindrical unidirectional"
"EXP22_Cylindrical unidirectional",0.276430083464651,44.5560212890755,7.22108383475853,20,23.3581826166204,54.1789618332038,1.36202351362557,24.3902312077737,17.1470388326323,-11.6029205297118,39.2494359126552,0.0262946095187212,-0.94350204377412,-0.330321792960012,"Cylindrical unidirectional"
"EXP22_Cylindrical unidirectional",0.276430083464651,44.5560212890755,7.22108383475853,21,22.1494196788626,46.2223011897817,27.5030399958384,24.6910251363535,31.269410392358,19.9301908060318,16.9527799004405,0.149922636429964,-0.88203178978541,-0.446702501553141,"Cylindrical unidirectional"
"EXP22_Cylindrical unidirectional",0.276430083464651,44.5560212890755,7.22108383475853,22,25.3378704067752,46.4929106374713,20.1175475775048,24.7728509791293,15.2099105605037,-1.05597949073153,37.7791422517572,-0.0149558564321212,-0.828049505954903,-0.560455473740977,"Cylindrical unidirectional"
"EXP22_Cylindrical unidirectional",0.276430083464651,44.5560212890755,7.22108383475853,23,13.9645910839995,26.9881840070581,25.3616101823219,16.0550472103965,11.4556171205626,11.8808253314147,20.6727405318282,0.101121383649085,-0.751354996333514,-0.652104389843804,"Cylindrical unidirectional"
"EXP22_Cylindrical unidirectional",0.276430083464651,44.5560212890755,7.22108383475853,24,16.3256754989435,40.0561093683172,32.0165438731324,19.7143988571337,19.6110537201059,18.2980000797935,24.8532128761365,0.136349508414826,-0.822632299095711,-0.551982709909957,"Cylindrical unidirectional"
"EXP23_Cylindrical unidirectional",22.9424251608361,44.9117020729543,-0.684631645384883,1,-4.31261681588259,-4.94445199122232,1.02591493191591,12.8870661949774,-2.96243291032169,13.6084656416582,21.4027586463604,0.803619911575502,0.0926057763697522,0.587893874693671,"Cylindrical unidirectional"
"EXP23_Cylindrical unidirectional",22.9424251608361,44.9117020729543,-0.684631645384883,2,38.7805466297703,63.363461516263,-3.1748941499949,32.0474683948804,63.8079550303255,-1.6575361253571,6.91623397349483,-0.973517995587358,0.0642681430046834,0.219390788462737,"Cylindrical unidirectional"
"EXP23_Cylindrical unidirectional",22.9424251608361,44.9117020729543,-0.684631645384883,3,24.6894680535246,63.8712924058615,20.0464779627183,23.4844432647222,64.9483672617661,10.9772969414931,9.21206922371957,-0.130809350162031,0.11691996985121,-0.98448902206179,"Cylindrical unidirectional"
"EXP23_Cylindrical unidirectional",22.9424251608361,44.9117020729543,-0.684631645384883,4,26.1075152746281,66.0805402358047,-15.1008040550994,16.6362445819907,64.1014148406951,2.40473744251669,20.0016471568603,-0.473524536172456,-0.0989481206016963,0.875204994885229,"Cylindrical unidirectional"
"EXP23_Cylindrical unidirectional",22.9424251608361,44.9117020729543,-0.684631645384883,5,41.5380968611907,29.8903374153462,12.3049082817662,41.2858825606223,23.5456595949361,11.9734487468803,6.35833422536769,-0.0396667258481318,-0.99785220397772,-0.0521299326423487,"Cylindrical unidirectional"
"EXP23_Cylindrical unidirectional",22.9424251608361,44.9117020729543,-0.684631645384883,6,41.5911419431111,41.3452930963225,9.7128601932674,43.0848209939689,30.8337380517619,10.1771984460877,10.6272986489902,0.140551150409205,-0.989108840519816,0.0436929711074274,"Cylindrical unidirectional"
"EXP23_Cylindrical unidirectional",22.9424251608361,44.9117020729543,-0.684631645384883,7,33.9156441057728,64.2285658549365,10.3310608763756,38.0045062375956,43.9857003679929,12.8973523174879,20.8105321512035,0.196480421649686,-0.972722145683956,0.123316954245399,"Cylindrical unidirectional"
"EXP23_Cylindrical unidirectional",22.9424251608361,44.9117020729543,-0.684631645384883,8,39.5750058230865,20.5747636018995,15.2664109354077,31.9935241665202,-2.03234619776959,9.49146610938387,24.5338595689053,-0.309021156466356,-0.921465688518158,-0.235386723797146,"Cylindrical unidirectional"
"EXP23_Cylindrical unidirectional",22.9424251608361,44.9117020729543,-0.684631645384883,9,50.8764332365762,25.2294603869073,3.00360790174896,44.3018137710318,3.77797253391511,0.610085806077246,22.5637075908694,-0.291380281324192,-0.950707580596054,-0.106078404270771,"Cylindrical unidirectional"
"EXP23_Cylindrical unidirectional",22.9424251608361,44.9117020729543,-0.684631645384883,10,50.1188125073369,38.6240854930085,-2.27003503173242,51.497276217893,22.7385341188169,-2.94969028533241,15.9597254339523,0.0863713925568873,-0.995352422567183,-0.0425856482564616,"Cylindrical unidirectional"
"EXP23_Cylindrical unidirectional",22.9424251608361,44.9117020729543,-0.684631645384883,11,39.8556247856932,62.439399106568,-2.08142064559698,40.7276108331838,40.239236468739,-1.56909734637734,22.2231873496131,0.039237668016411,-0.998963932966869,0.0230535472324389,"Cylindrical unidirectional"
"EXP23_Cylindrical unidirectional",22.9424251608361,44.9117020729543,-0.684631645384883,12,47.4393241264191,38.7801130301723,-6.2173930755864,49.9642671175739,29.6405605987172,-7.29711991433941,9.54319473772924,0.264580474416221,-0.957703649839788,-0.113141025456002,"Cylindrical unidirectional"
"EXP23_Cylindrical unidirectional",22.9424251608361,44.9117020729543,-0.684631645384883,13,43.6849107334674,38.6964493705087,-12.4197500664463,40.9786982174907,5.52678133280495,-8.38275268376806,33.5238394546455,-0.0807250171818153,-0.989435237052102,0.120421689411199,"Cylindrical unidirectional"
"EXP23_Cylindrical unidirectional",22.9424251608361,44.9117020729543,-0.684631645384883,14,32.9868067695989,29.8343359157039,-18.9180420081429,31.3673998365101,6.43906126152393,-15.2167830462136,23.7415389741844,-0.0682098550919417,-0.985415253813964,0.15589802185755,"Cylindrical unidirectional"
"EXP23_Cylindrical unidirectional",22.9424251608361,44.9117020729543,-0.684631645384883,15,29.4931940834412,65.475940656973,-13.8943774789451,28.8192575044499,32.0892444865378,-18.6614758836369,33.7320455781957,-0.0199791197788171,-0.989761978503204,-0.141322541309896,"Cylindrical unidirectional"
"EXP23_Cylindrical unidirectional",22.9424251608361,44.9117020729543,-0.684631645384883,16,13.1840752042241,64.7611450534595,-16.0785223864929,13.7081095723493,34.5678994195231,-19.1895721371299,30.3576238279799,0.0172620351017797,-0.994585274691624,-0.102480015177263,"Cylindrical unidirectional"
"EXP23_Cylindrical unidirectional",22.9424251608361,44.9117020729543,-0.684631645384883,17,15.0516837767656,31.5677944977817,-23.8940230162339,16.4674840952383,5.40257610322009,-21.2902584677012,26.3325413509803,0.0537661860889852,-0.993645772575138,0.0988801086012822,"Cylindrical unidirectional"
"EXP23_Cylindrical unidirectional",22.9424251608361,44.9117020729543,-0.684631645384883,18,1.51445146085733,37.7723101556444,-15.0805196774812,3.51314760443531,12.3863846172321,-14.5131058447095,25.4708060369864,0.0784700782800375,-0.99666753779009,0.0222770269597165,"Cylindrical unidirectional"
"EXP23_Cylindrical unidirectional",22.9424251608361,44.9117020729543,-0.684631645384883,19,-0.205518744582374,51.5458393651435,-0.0837035093451828,-2.35771917381282,45.9424795163187,-0.838997089312306,6.04979972188677,-0.355747384734785,-0.926205842575772,-0.124846046925264,"Cylindrical unidirectional"
"EXP23_Cylindrical unidirectional",22.9424251608361,44.9117020729543,-0.684631645384883,20,-0.0155833706767368,53.0680739717942,-8.30586573076591,-0.868749559843028,48.7753214104717,-8.82373399133674,4.4072445625793,-0.193582674401664,-0.974021863404442,-0.117503862837092,"Cylindrical unidirectional"
"EXP23_Cylindrical unidirectional",22.9424251608361,44.9117020729543,-0.684631645384883,21,-1.58909822018153,65.4178647500622,-7.54190041773326,1.52028379036281,53.7723144722647,-8.78168574024619,12.1171021868318,0.256611024863968,-0.961083772195403,-0.102316981683975,"Cylindrical unidirectional"
"EXP23_Cylindrical unidirectional",22.9424251608361,44.9117020729543,-0.684631645384883,22,-6.45029402747336,27.2537132367229,-3.26640866867206,-6.61149353260162,10.2028159196056,-2.24076654662455,17.0824771728765,-0.00943654152128538,-0.998151330428269,0.0600405966692007,"Cylindrical unidirectional"
"EXP23_Cylindrical unidirectional",22.9424251608361,44.9117020729543,-0.684631645384883,23,-1.6567599724415,47.9533812068292,-6.84142416393349,-3.45052642703907,29.3881440223401,-5.52290625562184,18.6982384005691,-0.0959323769528461,-0.992886965433284,0.0705156218497845,"Cylindrical unidirectional"
"EXP23_Cylindrical unidirectional",22.9424251608361,44.9117020729543,-0.684631645384883,24,4.07579120216952,64.4751068135907,4.86581972648132,4.87104991053395,55.9264571184262,4.08195205081344,8.62127000834692,0.0922438002283281,-0.991576610741557,-0.0909225293847606,"Cylindrical unidirectional"
"EXP23_Cylindrical unidirectional",22.9424251608361,44.9117020729543,-0.684631645384883,25,16.8405208385304,27.7102418303424,24.5158575687201,13.3288818850585,-1.78107919030867,14.0751579075213,31.4813886780427,-0.111546507347088,-0.936785899829774,-0.331646731596719,"Cylindrical unidirectional"
"EXP23_Cylindrical unidirectional",22.9424251608361,44.9117020729543,-0.684631645384883,26,29.1103691134562,32.9851456079245,20.1237634954363,29.730659658292,17.3399272413785,19.0623448248511,15.6934453735051,0.0395254534662641,-0.996926933136015,-0.0676345216313784,"Cylindrical unidirectional"
"EXP23_Cylindrical unidirectional",22.9424251608361,44.9117020729543,-0.684631645384883,27,13.2459339641939,64.6157533854183,15.4873477829725,11.7991299691867,35.8376390112063,12.5793152943606,28.9608315089539,-0.0499572670957286,-0.99369088782256,-0.100412603405838,"Cylindrical unidirectional"
"EXP24_Cylindrical unidirectional",3.06572876012598,35.171207532195,6.18798898117373,1,-9.83908055702244,60.4181313715026,8.82462707520753,-9.8166627717284,53.2854407479036,-5.69328164069123,16.1754583110416,0.00138591345376198,-0.440957559683494,-0.897526885280812,"Cylindrical unidirectional"
"EXP24_Cylindrical unidirectional",3.06572876012598,35.171207532195,6.18798898117373,2,2.38127969464073,62.3155382452961,8.23591921342287,4.02652305352418,51.9910853973158,-10.464407301198,21.4243637962379,0.0767931022144219,-0.481902424089401,-0.872853294150308,"Cylindrical unidirectional"
"EXP24_Cylindrical unidirectional",3.06572876012598,35.171207532195,6.18798898117373,3,10.7314396671287,56.8911162998692,7.73029792541938,9.58077093599719,52.3134053087387,-7.6075523594663,16.0477140991696,-0.0717029680377353,-0.285256265337339,-0.955765424913652,"Cylindrical unidirectional"
"EXP24_Cylindrical unidirectional",3.06572876012598,35.171207532195,6.18798898117373,4,16.5507767466153,51.8178882713678,8.24320298705811,10.5177507920955,44.4991225203613,-15.6214763960215,25.6804333363594,-0.234926952964536,-0.284993857196497,-0.929294263476893,"Cylindrical unidirectional"
"EXP24_Cylindrical unidirectional",3.06572876012598,35.171207532195,6.18798898117373,5,19.2008338438362,35.488760748196,7.94320766198375,17.784432856988,36.5107536583393,-5.15673482994588,13.2158675294432,-0.10717427241856,0.0773307471391052,-0.991228344468851,"Cylindrical unidirectional"
"EXP24_Cylindrical unidirectional",3.06572876012598,35.171207532195,6.18798898117373,6,16.5321763762632,27.2435507031228,6.9123313171785,15.6480975050933,28.9084410158012,1.42667827737723,5.80050381232357,-0.152414152248577,0.287025121704288,-0.945720099027712,"Cylindrical unidirectional"
"EXP24_Cylindrical unidirectional",3.06572876012598,35.171207532195,6.18798898117373,7,14.5648658327542,26.1691873000819,2.51804360762836,11.0107026699627,32.3083039015523,-15.2211417215535,19.1049607321568,-0.186033523576379,0.321336258552849,-0.928512001562184,"Cylindrical unidirectional"
"EXP24_Cylindrical unidirectional",3.06572876012598,35.171207532195,6.18798898117373,8,5.25604329250684,17.3124597453073,4.63014282928021,-0.959266662912227,28.736138239466,-17.5335277125264,25.6974473453217,-0.241864877545924,0.444545263218077,-0.862485298402278,"Cylindrical unidirectional"
"EXP24_Cylindrical unidirectional",3.06572876012598,35.171207532195,6.18798898117373,9,-1.25764741247576,16.0162875068926,4.84197987232127,-4.45634302094047,22.444232065315,-11.9142356141131,18.2296703829111,-0.175466453384875,0.352608929476204,-0.919172707705238,"Cylindrical unidirectional"
"EXP24_Cylindrical unidirectional",3.06572876012598,35.171207532195,6.18798898117373,10,-7.70142149590587,16.9868959777031,-1.42620753910169,-9.16865182284513,25.2696245404059,-16.8157217219082,17.5383438231352,-0.0836584310203687,0.472264008861364,-0.877478189389003,"Cylindrical unidirectional"
"EXP24_Cylindrical unidirectional",3.06572876012598,35.171207532195,6.18798898117373,11,-8.80068318563472,16.4128199861493,6.12418090819745,-8.63609203540468,17.8682025101103,0.784589998214099,5.536827577572,0.0297266165370124,0.262854947814569,-0.96437731447741,"Cylindrical unidirectional"
"EXP24_Cylindrical unidirectional",3.06572876012598,35.171207532195,6.18798898117373,12,-20.8298376811947,34.9818542308509,9.67814191548895,-15.5651630549581,38.6972804421185,-15.403595922727,25.8962306878145,0.203298877342557,0.143473629659003,-0.968547822290529,"Cylindrical unidirectional"
"EXP25_Levallois Nubian",-1.75610784749925,33.2587080725,1.79827899227058,1,28.3349249021126,14.9680211237298,-2.99066145014105,0.288347089955449,16.7374835891879,-14.034415766557,30.1944702518757,-0.928864708610507,0.0586022026780953,-0.365754200166169,"Levallois Nubian"
"EXP25_Levallois Nubian",-1.75610784749925,33.2587080725,1.79827899227058,2,29.6981114698778,25.7289360804964,-3.27708631013549,9.15400817778888,30.7984677594104,-15.8448133927479,24.6111376320267,-0.834748218438902,0.205985263855377,-0.510652017412552,"Levallois Nubian"
"EXP25_Levallois Nubian",-1.75610784749925,33.2587080725,1.79827899227058,3,19.666940198832,57.1523006496242,3.19746942210628,0.976816846032534,40.8209575837361,-16.5932579873914,31.7443911372644,-0.588769312726218,-0.514463893645667,-0.623440132271605,"Levallois Nubian"
"EXP25_Levallois Nubian",-1.75610784749925,33.2587080725,1.79827899227058,4,2.56571529404559,70.3150703259818,0.624255616185835,5.32732195265936,63.4744695412618,-6.06944554279887,9.96122109174398,0.277235755855538,-0.686723115742266,-0.671975965329447,"Levallois Nubian"
"EXP25_Levallois Nubian",-1.75610784749925,33.2587080725,1.79827899227058,5,-5.82211043278889,67.6164709637794,0.576744433734476,-1.68890259286086,55.7670184508954,-13.2547592670467,18.6762797828652,0.22130787758492,-0.63446535662608,-0.740592016268201,"Levallois Nubian"
"EXP25_Levallois Nubian",-1.75610784749925,33.2587080725,1.79827899227058,6,-17.4809495806178,63.9875752851167,-1.2939923294053,-5.62225502032497,52.3150656957377,-15.8153545798401,22.0849740411171,0.536957595612957,-0.528527204408186,-0.657522269367373,"Levallois Nubian"
"EXP25_Levallois Nubian",-1.75610784749925,33.2587080725,1.79827899227058,7,-20.384970110287,60.5643226037448,-1.1267086559126,-17.3773408589027,57.2541027099761,-8.12767135388913,8.3076391446273,0.36203176366048,-0.398454944436238,-0.842713865647882,"Levallois Nubian"
"EXP25_Levallois Nubian",-1.75610784749925,33.2587080725,1.79827899227058,8,-24.4128220176637,53.1769948504868,-1.49522816820643,-10.4400166807865,46.3167983068898,-15.2958379643316,20.8028463519768,0.671677572408235,-0.329772014248671,-0.663400073366106,"Levallois Nubian"
"EXP25_Levallois Nubian",-1.75610784749925,33.2587080725,1.79827899227058,9,-29.4100351339795,38.7930477500099,1.45904258978877,-21.9346748030675,35.1113272486348,-11.4569388925743,15.3707077123978,0.486338070489916,-0.239528365919389,-0.84029842503252,"Levallois Nubian"
"EXP25_Levallois Nubian",-1.75610784749925,33.2587080725,1.79827899227058,10,-31.9402663464629,10.8593876535183,2.63256920878766,-24.8027620201611,25.8438008515983,-12.4198476809346,22.406513810068,0.318545954395399,0.668752547812548,-0.671787544341625,"Levallois Nubian"
"EXP25_Levallois Nubian",-1.75610784749925,33.2587080725,1.79827899227058,11,-28.8120724567083,7.98327490537236,4.19095585991766,-15.1318380308674,10.6779016998514,-11.662071432143,21.1122784613672,0.647975274240248,0.127633159036334,-0.750891350787636,"Levallois Nubian"
"EXP25_Levallois Nubian",-1.75610784749925,33.2587080725,1.79827899227058,12,-22.4887568503534,6.14676936120313,7.6079042439744,-21.0839597651372,4.75562139842504,2.11272193872937,5.84001507471098,0.240546825178476,-0.238209652711715,-0.940953445315718,"Levallois Nubian"
"EXP25_Levallois Nubian",-1.75610784749925,33.2587080725,1.79827899227058,13,-6.7930174426789,0.700613892630526,1.36708125474325,-5.60153346204334,4.78864288249153,-9.25875514265076,11.4472710390834,0.104084543518502,0.357118214105667,-0.928241880629464,"Levallois Nubian"
"EXP25_Levallois Nubian",-1.75610784749925,33.2587080725,1.79827899227058,14,15.3350406374769,1.85608914575352,4.30873180651979,-0.777021859520543,5.22366525568693,-10.4613589067168,22.1154856704659,-0.72854210561219,0.152272310909755,-0.667861919621384,"Levallois Nubian"
"EXP25_Levallois Nubian",-1.75610784749925,33.2587080725,1.79827899227058,15,22.7671360722805,4.97481717283473,2.24553767877772,-3.6698964890322,6.96047979256309,-12.9027409883174,30.5340775734795,-0.865820573675188,0.0650310334396025,-0.496110571234423,"Levallois Nubian"
"EXP25_Levallois Nubian",-1.75610784749925,33.2587080725,1.79827899227058,16,18.6440809277106,58.3981633889386,4.36089051769181,28.0440710455552,38.3377671849917,2.46448499593348,22.2345601255762,0.422764833878226,-0.902216913249015,-0.0852908944925301,"Levallois Nubian"
"EXP25_Levallois Nubian",-1.75610784749925,33.2587080725,1.79827899227058,17,22.9246056563565,5.54761024930265,3.53921921851972,29.1031432090261,37.6300131059258,1.01993734991204,32.7689133246421,0.188548747145158,0.979049947088033,-0.0768802384030595,"Levallois Nubian"
"EXP25_Levallois Nubian",-1.75610784749925,33.2587080725,1.79827899227058,18,20.9161393428447,6.00727318672846,5.02857104436353,24.0521024576993,27.351887240337,5.52649357796182,21.5794981546073,0.14532141073842,0.989115404847886,0.0230738699311215,"Levallois Nubian"
"EXP25_Levallois Nubian",-1.75610784749925,33.2587080725,1.79827899227058,19,-26.9147428232955,6.74423573486093,4.8801203167997,-27.0397197947524,28.1707477174586,6.04999918625749,21.4587896106235,-0.00582404570456506,0.998495831842735,0.0545174676990461,"Levallois Nubian"
"EXP25_Levallois Nubian",-1.75610784749925,33.2587080725,1.79827899227058,20,-7.46253275246493,67.1995323834176,0.921254793719477,-31.9304912659825,18.9143309504888,1.50884719521105,54.1339721068759,-0.451988974044078,-0.891957481664195,0.0108544113543247,"Levallois Nubian"
"EXP25_Levallois Nubian",-1.75610784749925,33.2587080725,1.79827899227058,21,4.19131664827956,69.7123628149694,1.00718774585305,21.3768649787104,28.3984210282239,6.58741437023819,45.0923916703879,0.381118581069112,-0.916206487532049,0.123750957038938,"Levallois Nubian"
"EXP26_Levallois recurrent",23.57561143106,38.893605636354,4.26419394302533,1,51.1664805525661,79.872610828172,4.48162972355021,30.4805454675795,48.4766457492118,-33.431615905805,53.3950253088374,-0.387413152542562,-0.587994197911988,-0.7100520209526,"Levallois recurrent"
"EXP26_Levallois recurrent",23.57561143106,38.893605636354,4.26419394302533,2,61.5350299435484,46.8127223555375,-12.5351507034107,36.691214284929,38.5198337576899,-30.054375866399,31.5104812417591,-0.788430220027716,-0.263178735171381,-0.555980882315785,"Levallois recurrent"
"EXP26_Levallois recurrent",23.57561143106,38.893605636354,4.26419394302533,3,66.4493410259923,55.7624033990451,-2.62478106604239,52.7922090363978,53.5346262952447,-25.4978048338603,26.7330406293146,-0.510870879933445,-0.0833342205509359,-0.855608760895537,"Levallois recurrent"
"EXP26_Levallois recurrent",23.57561143106,38.893605636354,4.26419394302533,4,69.0624804047637,53.0280998848132,8.67048918656304,66.164758810627,52.1978243923972,-1.29038320969769,10.406974907485,-0.278440336399054,-0.0797806759213802,-0.95713427627241,"Levallois recurrent"
"EXP26_Levallois recurrent",23.57561143106,38.893605636354,4.26419394302533,5,40.2394297792387,7.4262281146987,8.97107483815619,36.8121896799895,11.1867880372525,-0.222589246111243,10.5076755242712,-0.326165391321109,0.357886947866579,-0.874947467023645,"Levallois recurrent"
"EXP26_Levallois recurrent",23.57561143106,38.893605636354,4.26419394302533,6,62.3083240082232,35.5838449859552,11.7891381096173,55.9443211385983,41.0780519225717,-13.8572556917969,26.9893378467159,-0.235796924910452,0.203569534303528,-0.950241682366239,"Levallois recurrent"
"EXP26_Levallois recurrent",23.57561143106,38.893605636354,4.26419394302533,7,44.5954768724951,13.0468565721721,9.44842781689145,41.2461299521468,17.5166256973812,-1.03233143420861,11.8761641663055,-0.282022618873095,0.376364713607661,-0.882503736419843,"Levallois recurrent"
"EXP26_Levallois recurrent",23.57561143106,38.893605636354,4.26419394302533,8,47.6657426500015,17.3024505690687,15.2078177262069,47.9831225394193,17.8562153947386,10.6201821951812,4.63182310131614,0.0685215912774409,0.119556557657084,-0.990460004770509,"Levallois recurrent"
"EXP26_Levallois recurrent",23.57561143106,38.893605636354,4.26419394302533,9,34.1411649724442,5.3083734492686,3.23273582091541,30.3490787519555,11.1240374892102,-8.37977860548149,13.5296843064561,-0.28027898763899,0.429844770078371,-0.858298993780335,"Levallois recurrent"
"EXP26_Levallois recurrent",23.57561143106,38.893605636354,4.26419394302533,10,33.2092367477084,4.01757674621273,7.20578691065707,33.4842933562998,4.48605932807126,4.05913218036907,3.19320654813911,0.086138057292815,0.146712270188581,-0.985421607669495,"Levallois recurrent"
"EXP26_Levallois recurrent",23.57561143106,38.893605636354,4.26419394302533,11,24.199351196961,-0.642670892388777,5.28254327515524,21.5637056037417,4.9782950689916,-7.99158093923632,14.6541550316335,-0.179856538130639,0.383574893895046,-0.905826653651274,"Levallois recurrent"
"EXP26_Levallois recurrent",23.57561143106,38.893605636354,4.26419394302533,12,9.5552584080799,-0.74372349861401,5.64028591853241,12.245226439897,0.538978831595486,-7.25150331890422,13.2317603901601,0.203296307709559,0.0969411697602525,-0.974306430686555,"Levallois recurrent"
"EXP26_Levallois recurrent",23.57561143106,38.893605636354,4.26419394302533,13,-14.7234652178257,23.5189919778153,3.00867276560001,-14.8344120233508,22.300578572413,-2.48180647621067,5.62514024046282,-0.0197233848015036,-0.216601427398728,-0.976060863748161,"Levallois recurrent"
"EXP26_Levallois recurrent",23.57561143106,38.893605636354,4.26419394302533,14,-12.8577669993236,14.3737582389568,-2.28467591781408,1.60634777227017,19.7719494957071,-18.5520699336863,22.4271976189164,0.644936341016318,0.240698430025745,-0.725342251505884,"Levallois recurrent"
"EXP26_Levallois recurrent",23.57561143106,38.893605636354,4.26419394302533,15,-17.0180980662622,28.3227066344964,-7.99279278624534,7.77452420406635,36.3175299008012,-30.5209422495878,34.439930841123,0.719880141011342,0.23213819165858,-0.654128766032327,"Levallois recurrent"
"EXP26_Levallois recurrent",23.57561143106,38.893605636354,4.26419394302533,16,-28.9737266283891,38.2291163671868,2.31890948996033,-17.2945848774267,41.821562010113,-9.00514304979324,16.6595973438601,0.701045860227031,0.215638203539784,-0.679731466854873,"Levallois recurrent"
"EXP26_Levallois recurrent",23.57561143106,38.893605636354,4.26419394302533,17,-23.5168948998528,55.1473500643497,7.28099695319493,-22.1532636780508,53.6862396237902,4.29338063741055,3.5944658961974,0.379369636875561,-0.406488886737024,-0.831171139763767,"Levallois recurrent"
"EXP26_Levallois recurrent",23.57561143106,38.893605636354,4.26419394302533,18,-20.1937828190798,60.1764193388068,6.21271489846194,-14.2848619805547,53.0441076130766,-4.52426041427858,14.1798397344731,0.416712808407814,-0.502989586574139,-0.757200046953808,"Levallois recurrent"
"EXP26_Levallois recurrent",23.57561143106,38.893605636354,4.26419394302533,19,19.0775143713571,90.4787512148075,1.46786863013636,17.9420648452838,46.334091543235,-33.3247622288838,56.2189237289124,-0.020196927489194,-0.785227762175563,-0.618877569175643,"Levallois recurrent"
"EXP26_Levallois recurrent",23.57561143106,38.893605636354,4.26419394302533,20,0.598892588405609,75.4377731855035,9.8909215282108,4.14496870428814,51.1756906350274,-24.4877602514664,42.2269708410875,0.0839765686538932,-0.574563651316156,-0.814140372726574,"Levallois recurrent"
"EXP26_Levallois recurrent",23.57561143106,38.893605636354,4.26419394302533,21,-14.0284485094145,65.5762710032449,6.97881345875843,-8.41057720806246,59.6352900604933,13.3893517796962,10.389934267593,0.540703257274167,-0.571801590822568,0.616995079644795,"Levallois recurrent"
"EXP26_Levallois recurrent",23.57561143106,38.893605636354,4.26419394302533,22,34.6249172219884,90.8878627712398,1.31471574639253,1.70333326662715,68.581189350793,17.0236257205135,42.7573177572144,-0.769963732110077,-0.521704227264887,0.367396993032155,"Levallois recurrent"
"EXP26_Levallois recurrent",23.57561143106,38.893605636354,4.26419394302533,23,66.636308936816,71.0608595399506,2.18586828160679,28.8902658934852,42.3185292832359,17.6554761365005,49.9018444669055,-0.756405769096645,-0.57597731233715,0.310000722822039,"Levallois recurrent"
"EXP26_Levallois recurrent",23.57561143106,38.893605636354,4.26419394302533,24,32.0619078049991,3.46190242219783,7.18864402755317,6.32405808182267,61.8139719980642,18.1356331923699,64.7088672743866,-0.39774842007417,0.901763112749829,0.16917293758826,"Levallois recurrent"
"EXP27_Levallois recurrent",37.6314918828388,49.7954003539702,1.37864153345551,1,84.3027250338087,34.4971397696089,5.51892259475475,24.4411246507802,108.981403113986,11.8108046203811,95.7648394025508,-0.625089550157321,0.777782992265879,0.0657013791792431,"Levallois recurrent"
"EXP27_Levallois recurrent",37.6314918828388,49.7954003539702,1.37864153345551,2,49.1461241614561,-6.23128070151484,1.90961718584147,19.2342599839634,60.761130471496,17.6759829662751,75.041862072239,-0.398602371416344,0.892733859782432,0.210100940262598,"Levallois recurrent"
"EXP27_Levallois recurrent",37.6314918828388,49.7954003539702,1.37864153345551,3,90.6859182872876,60.4298445817961,6.78047293973348,81.5576937749855,74.3710541603134,9.29382277049156,16.8522620033902,-0.541661677848695,0.827260433982854,0.149140206237743,"Levallois recurrent"
"EXP27_Levallois recurrent",37.6314918828388,49.7954003539702,1.37864153345551,4,87.0799942389489,85.830282597528,-1.66294225720452,67.2472100216174,89.1323741199076,12.7687419974978,24.7490736929855,-0.801354606776761,0.133422832843859,0.583120177899532,"Levallois recurrent"
"EXP27_Levallois recurrent",37.6314918828388,49.7954003539702,1.37864153345551,5,60.4364969032777,114.647249948677,0.278790443194719,56.673725718984,102.092047639329,11.1554800042731,17.0321439584707,-0.220921757910716,-0.737147498280944,0.638597794123801,"Levallois recurrent"
"EXP27_Levallois recurrent",37.6314918828388,49.7954003539702,1.37864153345551,6,36.9538617337293,118.910130764909,-2.99400500422096,33.896420233065,109.191751969914,9.05964866064281,15.7824396594912,-0.193724263588463,-0.615771642703595,0.76373830186735,"Levallois recurrent"
"EXP27_Levallois recurrent",37.6314918828388,49.7954003539702,1.37864153345551,7,9.40059108528937,119.047676941677,0.291076288586755,9.14100644920857,112.156884270734,4.88260056851405,8.28447361214736,-0.0313338720398811,-0.831771937910294,0.554232470871152,"Levallois recurrent"
"EXP27_Levallois recurrent",37.6314918828388,49.7954003539702,1.37864153345551,8,-29.4935118999571,53.7649462327338,5.33155205227422,-21.3662226259983,55.9093716380526,9.47172005912211,9.36975892894313,0.867395771395321,0.228866657251411,0.44186494425795,"Levallois recurrent"
"EXP27_Levallois recurrent",37.6314918828388,49.7954003539702,1.37864153345551,9,-26.7136429010848,34.2048823329931,7.21054094423302,8.74652292169946,34.7561800834251,-25.393086270853,48.1738912375706,0.736086807850162,0.0114439115518676,-0.676790401968993,"Levallois recurrent"
"EXP27_Levallois recurrent",37.6314918828388,49.7954003539702,1.37864153345551,10,-9.67591438700272,93.8393077098203,1.70620497106257,19.7918626817316,64.7382961414384,-28.2468563683869,51.1116879322191,0.576536957805278,-0.569361192042294,-0.586031542906023,"Levallois recurrent"
"EXP27_Levallois recurrent",37.6314918828388,49.7954003539702,1.37864153345551,11,14.2699392203728,119.87346318435,0.559925733391405,33.351985306576,78.4093985500767,-32.9318054307847,56.6135071798647,0.337058186937231,-0.732405863896384,-0.591585521415778,"Levallois recurrent"
"EXP27_Levallois recurrent",37.6314918828388,49.7954003539702,1.37864153345551,12,34.9839434433909,119.503705273067,-4.40771148815823,39.4501818306551,94.7637357765399,-25.7268443481288,32.9623846516306,0.13549500239338,-0.750551568340596,-0.646771557497614,"Levallois recurrent"
"EXP27_Levallois recurrent",37.6314918828388,49.7954003539702,1.37864153345551,13,55.3510938438841,113.706082300378,-5.07107318151468,52.3288931175775,76.7156454379443,-32.1766176335716,45.9579879514565,-0.0657600748209182,-0.804875028504407,-0.589789624399732,"Levallois recurrent"
"EXP27_Levallois recurrent",37.6314918828388,49.7954003539702,1.37864153345551,14,75.387724952036,103.663279368606,0.0550380762645855,70.3473648239061,81.9615026075073,-21.5722952632668,31.0501834485563,-0.162329479839654,-0.698925879038807,-0.696528359497888,"Levallois recurrent"
"EXP27_Levallois recurrent",37.6314918828388,49.7954003539702,1.37864153345551,15,87.5754879657105,82.016148164216,-0.881652817137486,47.9645986840285,48.9013479712927,-30.3760420419333,59.4603358319364,-0.666173319196203,-0.556922522040941,-0.496034689547689,"Levallois recurrent"
"EXP27_Levallois recurrent",37.6314918828388,49.7954003539702,1.37864153345551,16,85.9779081083938,43.4349156541814,6.26605383054219,48.8756376668013,25.0567612342395,-26.4700989147256,52.7824850529586,-0.702927692858083,-0.348186607763966,-0.62020863004882,"Levallois recurrent"
"EXP27_Levallois recurrent",37.6314918828388,49.7954003539702,1.37864153345551,17,75.4986206553729,13.988118808291,7.17401803351346,44.1972446211267,12.6595814502145,-24.412268511111,44.4885901195824,-0.703582108358797,-0.0298624288723351,-0.709986233767412,"Levallois recurrent"
"EXP27_Levallois recurrent",37.6314918828388,49.7954003539702,1.37864153345551,18,64.4882965358809,5.49474558715124,10.1192958193759,61.0172960194418,2.2153429480803,0.261439156173124,10.953522914867,-0.316884398144456,-0.299392502718907,-0.899971337059317,"Levallois recurrent"
"EXP27_Levallois recurrent",37.6314918828388,49.7954003539702,1.37864153345551,19,47.8176280058864,-8.03467910164087,0.12780319286879,42.2623358387603,4.51082806840218,-20.6503234814189,24.8994290960351,-0.22310921851661,0.503847181461713,-0.83448205154215,"Levallois recurrent"
"EXP27_Levallois recurrent",37.6314918828388,49.7954003539702,1.37864153345551,20,36.1633677169535,-8.7198008071421,2.42411972951906,36.1769319405026,-8.57093488668878,-1.04924102341006,3.47657589740556,0.00390160432259468,0.0428196952537174,-0.999075197961639,"Levallois recurrent"
"EXP27_Levallois recurrent",37.6314918828388,49.7954003539702,1.37864153345551,21,22.6482832202486,10.8924710776727,-22.723069035157,21.9777266417525,18.8406925150792,-27.6919800803362,9.39755005934612,-0.071354403462762,0.845775908317914,-0.528745365951778,"Levallois recurrent"
"EXP27_Levallois recurrent",37.6314918828388,49.7954003539702,1.37864153345551,22,27.4806508843179,-9.10207663081083,3.48444708785392,22.7310097980916,10.0637308587416,-21.8770211798087,32.1417382832076,-0.147771755353621,0.596290322591718,-0.789050923263622,"Levallois recurrent"
"EXP27_Levallois recurrent",37.6314918828388,49.7954003539702,1.37864153345551,23,16.2275925236634,-4.63761919281548,8.33581596930422,13.8987985579729,4.39201816770597,-15.4431228163285,25.5420351962805,-0.0911749571948608,0.353520668620658,-0.930972751501631,"Levallois recurrent"
"EXP27_Levallois recurrent",37.6314918828388,49.7954003539702,1.37864153345551,24,0.475602554321093,-1.77136636158112,3.93875946890479,7.22769340159718,0.787713786867312,-4.0374653147353,10.7591720785201,0.627566024411501,0.237851028849835,-0.741341873280755,"Levallois recurrent"
"EXP27_Levallois recurrent",37.6314918828388,49.7954003539702,1.37864153345551,25,-12.0153405869631,5.20380404732136,0.0513009468487828,-16.2894573460424,11.479881112869,-0.348021275287802,7.6037277463116,-0.562108074049949,0.825394763587119,-0.0525166386093041,"Levallois recurrent"
"EXP27_Levallois recurrent",37.6314918828388,49.7954003539702,1.37864153345551,26,-6.0346523454128,0.229037653754632,2.02137834516803,1.4532386342499,10.0015106751801,-17.2690421427605,22.8842754501622,0.327206819196438,0.427038777902675,-0.842955265502707,"Levallois recurrent"
"EXP28_Levallois convergent",16.6020630108939,36.3731044471263,0.214677075068883,1,-10.7225864643158,15.6695355618351,4.40312067217142,-7.20980142819431,20.7853358580157,-8.21619221724961,14.0626501478743,0.24979537990231,0.363786359070728,-0.897363779708945,"Levallois convergent"
"EXP28_Levallois convergent",16.6020630108939,36.3731044471263,0.214677075068883,2,-10.12561217023,3.72786995463839,5.72565366451236,4.94720629883143,19.2306868464578,-19.0482476645339,32.8827215303703,0.458381112254964,0.471457840784287,-0.753401792067765,"Levallois convergent"
"EXP28_Levallois convergent",16.6020630108939,36.3731044471263,0.214677075068883,3,1.84749542094203,32.6645341892283,-19.187929049994,12.3670039018835,22.3263583000567,-23.3708036926035,15.3308310170008,0.6861668796216,-0.674338910767935,-0.272840698457309,"Levallois convergent"
"EXP28_Levallois convergent",16.6020630108939,36.3731044471263,0.214677075068883,4,-13.0007162035514,36.6487438194324,2.74962899834543,1.2210693874446,32.7897563455894,-18.5500698710521,25.900350222469,0.549096265835754,-0.148993640653374,-0.822371075543203,"Levallois convergent"
"EXP28_Levallois convergent",16.6020630108939,36.3731044471263,0.214677075068883,5,-12.1203798468108,60.1425578693858,-3.80968380347265,6.38416982724383,38.0704710832911,-20.1422508842456,33.1111479894672,0.558861616031586,-0.666605905452626,-0.49326489936164,"Levallois convergent"
"EXP28_Levallois convergent",16.6020630108939,36.3731044471263,0.214677075068883,6,1.6101429128106,66.208179410628,-7.81582168061139,1.09529845971893,58.2688207562933,-10.6997765278325,8.46260457624298,-0.0608375882924963,-0.938169635932512,-0.340788089675991,"Levallois convergent"
"EXP28_Levallois convergent",16.6020630108939,36.3731044471263,0.214677075068883,7,6.36904665706879,74.4990851549916,-1.72329739497287,6.21516805702277,68.6498844705068,-6.64597155664464,7.64653831304862,-0.0201239559322462,-0.764947541621977,-0.643778133337978,"Levallois convergent"
"EXP28_Levallois convergent",16.6020630108939,36.3731044471263,0.214677075068883,8,7.1404287455651,67.8878471634059,-9.43028878349095,21.8198578129055,40.738813230733,-16.2911054616178,31.6168702864684,0.464291023568612,-0.858688215711608,-0.216998602833348,"Levallois convergent"
"EXP28_Levallois convergent",16.6020630108939,36.3731044471263,0.214677075068883,9,25.5692346493858,41.1660643092528,-16.2614677876462,44.7894293723374,24.0502219836943,-16.5400701904369,25.7380178529816,0.746762817274411,-0.665002348794927,-0.0108245477325463,"Levallois convergent"
"EXP28_Levallois convergent",16.6020630108939,36.3731044471263,0.214677075068883,10,22.8333348719858,74.4002743452957,1.45175378742521,20.1315080400672,62.2897908243912,-10.5763740167368,17.2811902892431,-0.15634495001194,-0.700789894573571,-0.69602426701181,"Levallois convergent"
"EXP28_Levallois convergent",16.6020630108939,36.3731044471263,0.214677075068883,11,36.0974923957754,66.6224943214906,3.33711821224652,32.6882375578509,45.4682404159245,-14.440345757733,27.8417618346072,-0.122451117072872,-0.759802990602107,-0.638517924102135,"Levallois convergent"
"EXP28_Levallois convergent",16.6020630108939,36.3731044471263,0.214677075068883,12,47.0067770440011,55.0342785901737,4.67385064389489,44.3015329563213,46.5791531914394,-12.2317753586891,19.0947029728534,-0.141675107045438,-0.442799524598778,-0.885356846169249,"Levallois convergent"
"EXP28_Levallois convergent",16.6020630108939,36.3731044471263,0.214677075068883,13,58.122779654922,28.7800145476246,3.98259614804622,51.706366575379,31.9597805853647,-13.061755362362,18.487595497318,-0.347065851828806,0.171994569991614,-0.921934467512602,"Levallois convergent"
"EXP28_Levallois convergent",16.6020630108939,36.3731044471263,0.214677075068883,14,51.3878110460359,22.1790807021923,7.27592426811131,35.174131647192,16.3271535601494,-16.4380822702584,29.3169329403011,-0.553048282092135,-0.199609118524075,-0.808884291772921,"Levallois convergent"
"EXP28_Levallois convergent",16.6020630108939,36.3731044471263,0.214677075068883,15,34.1060583470473,6.5804621216701,0.51714148516308,23.9911290778143,20.4655592401692,-23.3321651482062,29.3921272282938,-0.344137366808074,0.472408717159229,-0.811418188555308,"Levallois convergent"
"EXP28_Levallois convergent",16.6020630108939,36.3731044471263,0.214677075068883,16,5.94250294876113,1.28440477328877,8.37373442301258,22.9197632348311,7.85747527609676,-15.168480306827,29.7601830814551,0.570468946363748,0.220867945765561,-0.791064176769456,"Levallois convergent"
"EXP28_Levallois convergent",16.6020630108939,36.3731044471263,0.214677075068883,17,-2.94099524598818,-0.353041092990324,6.59647519209162,17.8202888666912,18.0383937164937,-24.4074230439415,41.5994891577913,0.499075458208864,0.44210722732011,-0.745295167410159,"Levallois convergent"
"EXP28_Levallois convergent",16.6020630108939,36.3731044471263,0.214677075068883,18,7.77613575694585,74.8653617425643,-1.20434516158399,37.6084544744027,64.2586816090064,5.3060035575411,32.3241944054318,0.922909890445522,-0.328134399902491,0.201407918708442,"Levallois convergent"
"EXP28_Levallois convergent",16.6020630108939,36.3731044471263,0.214677075068883,19,-0.0352615191799934,0.000100067151258543,7.07079606972826,-0.035261519179997,71.0246472228793,2.01347244293002,71.2043736082441,-4.98945991484597e-17,0.997474502710951,-0.0710254633321105,"Levallois convergent"
"EXP28_Levallois convergent",16.6020630108939,36.3731044471263,0.214677075068883,20,55.0150375345847,26.7037966933792,5.85151034338113,8.51584534312547,68.5182164989575,10.4785360898367,62.7059004033414,-0.741544127304828,0.666833895002171,0.0737893199315109,"Levallois convergent"
"EXP28_Levallois convergent",16.6020630108939,36.3731044471263,0.214677075068883,21,36.7645966930159,9.12354914501282,1.93174833008855,6.57236853460917,65.7214067535889,12.0347204376719,64.938110324035,-0.464938508492938,0.871566131600659,0.155578473983466,"Levallois convergent"
"EXP29_Levallois preferential",-4.78360386780383,52.800747802856,1.41524540390286,1,10.3511132336423,74.4497452395036,-13.7648711640479,2.38588567162807,58.4275918777383,-17.2708666231294,18.2331086933003,-0.436855157066062,-0.878739529899951,-0.19228731194751,"Levallois preferential"
"EXP29_Levallois preferential",-4.78360386780383,52.800747802856,1.41524540390286,2,33.608891433023,2.22251466272462,9.17665358036577,31.2906597500292,3.8026468332766,0.518242255348516,9.10159889720683,-0.254705981792409,0.173610393997576,-0.951306624561803,"Levallois preferential"
"EXP29_Levallois preferential",-4.78360386780383,52.800747802856,1.41524540390286,3,37.6848226783118,9.08662196933341,7.46248208189586,32.8915967670319,4.91974838836106,2.5204682893413,8.0474437184841,-0.595620929944538,-0.517788471313132,-0.61410976770217,"Levallois preferential"
"EXP29_Levallois preferential",-4.78360386780383,52.800747802856,1.41524540390286,4,40.1813179009898,19.5498825626603,1.30639429879546,29.5546501635435,14.644041442064,-11.6417141927042,17.4541358368228,-0.608833793709073,-0.281070410271843,-0.74183612483313,"Levallois preferential"
"EXP29_Levallois preferential",-4.78360386780383,52.800747802856,1.41524540390286,5,39.450445229002,33.3177364983142,-1.33925687057261,33.0267015467797,31.8548022521926,-9.00288553430111,10.1062289603436,-0.635622219467697,-0.144755699862139,-0.758307445220197,"Levallois preferential"
"EXP29_Levallois preferential",-4.78360386780383,52.800747802856,1.41524540390286,6,38.5561602436617,42.04175093056,2.39537603633091,21.5962933181813,57.5073180731056,-12.8603799817181,27.5600969674061,-0.615377621694798,0.561157936448332,-0.55354507772927,"Levallois preferential"
"EXP29_Levallois preferential",-4.78360386780383,52.800747802856,1.41524540390286,7,31.0310102913607,73.8857665833505,-4.74767591746785,16.0545236723173,67.9068949608104,-12.3099562182032,17.8109556362395,-0.840858117044049,-0.335685055010467,-0.424585881587879,"Levallois preferential"
"EXP29_Levallois preferential",-4.78360386780383,52.800747802856,1.41524540390286,8,20.7668418945039,91.084380527955,2.61897919600574,0.0337866462672931,85.4998633789231,-15.4318987977893,28.0513922660024,-0.739109668840379,-0.199081639017263,-0.643493122288704,"Levallois preferential"
"EXP29_Levallois preferential",-4.78360386780383,52.800747802856,1.41524540390286,9,-5.57730265455324,98.3351253563766,1.89281892418942,-1.11179878571362,86.1486023732731,-15.3662850777481,21.594646053363,0.206787546218855,-0.564330758327275,-0.799230696316494,"Levallois preferential"
"EXP29_Levallois preferential",-4.78360386780383,52.800747802856,1.41524540390286,10,12.7054339209463,98.9468917526917,6.21296467937478,6.51567876038277,94.8490795898468,-6.68360588219709,14.880412148838,-0.41596664787587,-0.275382974736012,-0.866681005376521,"Levallois preferential"
"EXP29_Levallois preferential",-4.78360386780383,52.800747802856,1.41524540390286,11,3.50507633143775,102.662190469561,4.90632311214202,7.18212738617679,99.4980095396787,0.74818042780034,6.38927977158086,0.575503215729315,-0.495232802914086,-0.65079990750082,"Levallois preferential"
"EXP29_Levallois preferential",-4.78360386780383,52.800747802856,1.41524540390286,12,-25.0175659071371,91.5656060687741,2.55153540472036,-9.05203674518179,85.8297639341981,-13.4339603223495,23.3095276669047,0.684935764898553,-0.246072859842624,-0.685792348755588,"Levallois preferential"
"EXP29_Levallois preferential",-4.78360386780383,52.800747802856,1.41524540390286,13,-30.3569376980643,86.5145991552693,2.50648693919341,-21.4412259911922,85.1076849234383,-6.91624465832453,13.0482640092331,0.683287194416304,-0.107823863069863,-0.722144462347657,"Levallois preferential"
"EXP29_Levallois preferential",-4.78360386780383,52.800747802856,1.41524540390286,14,-30.8557133028901,62.8520896113673,-3.39780994557266,-2.06953498153268,60.0024634917632,-19.101090297535,32.9143957134693,0.874577147700072,-0.0865768931142164,-0.477094596803921,"Levallois preferential"
"EXP29_Levallois preferential",-4.78360386780383,52.800747802856,1.41524540390286,15,-35.942043636323,71.6097132636855,2.14356779052691,-25.6727876863063,77.1137681671405,-6.71478483999037,14.636346862308,0.701626987022455,0.37605387158658,-0.605229755338034,"Levallois preferential"
"EXP29_Levallois preferential",-4.78360386780383,52.800747802856,1.41524540390286,16,-33.2307346932549,79.4478802195763,3.08750025545169,-22.1472001186169,80.7814719828186,-8.79103850498535,16.3010088258791,0.679929364680915,0.0818103822583714,-0.728699609166456,"Levallois preferential"
"EXP29_Levallois preferential",-4.78360386780383,52.800747802856,1.41524540390286,17,-34.5890041778082,63.433795683597,3.83804514604639,-30.6567370077044,63.5096858697414,0.798264786229471,4.97078958047486,0.791074960314071,0.0152672296655791,-0.611528673785971,"Levallois preferential"
"EXP29_Levallois preferential",-4.78360386780383,52.800747802856,1.41524540390286,18,-29.1001326309674,43.7292215735899,-11.1312514426438,-19.3707934256719,37.7499805905422,-20.6503616846758,14.8669036421514,0.654429425217392,-0.402184686668385,-0.640288688967006,"Levallois preferential"
"EXP29_Levallois preferential",-4.78360386780383,52.800747802856,1.41524540390286,19,-40.1061135224266,56.5710154705186,0.0392140077394076,-28.0320238906677,51.5867731958382,-8.41897761311736,15.5617260284196,0.775883704012563,-0.320288524908999,-0.543525287966773,"Levallois preferential"
"EXP29_Levallois preferential",-4.78360386780383,52.800747802856,1.41524540390286,20,-40.1818438953103,52.8620683879394,1.42819966931792,-33.5925657566721,48.7745195449377,-4.37876413003977,9.68749041286286,0.680184222932395,-0.421940943298827,-0.599429114443026,"Levallois preferential"
"EXP29_Levallois preferential",-4.78360386780383,52.800747802856,1.41524540390286,21,-43.5299700198641,42.4148283012856,2.67273351924192,-36.0976176401586,41.4404315814456,-4.83984353885647,10.6126398656326,0.700330216968351,-0.0918147352757608,-0.707889568779838,"Levallois preferential"
"EXP29_Levallois preferential",-4.78360386780383,52.800747802856,1.41524540390286,22,-15.6235117144023,14.0897424334957,-18.047228294152,-11.3919614289962,33.7107019345926,-19.6428181375647,20.1353911437054,0.210154858934983,0.974451370776115,-0.0792430517999398,"Levallois preferential"
"EXP29_Levallois preferential",-4.78360386780383,52.800747802856,1.41524540390286,23,-33.5782932113699,20.9327755805185,-6.37977099184863,-29.9827897743108,37.6203613921144,-8.55290119080714,17.2083020675169,0.208940046667713,0.969740404725699,-0.126283824541912,"Levallois preferential"
"EXP29_Levallois preferential",-4.78360386780383,52.800747802856,1.41524540390286,24,-34.1035997308778,13.0961284241953,7.39197834182213,-21.72598233195,19.2425832790046,-17.0954586820549,28.1179460799468,0.440203468764573,0.218595442118474,-0.870882850200109,"Levallois preferential"
"EXP29_Levallois preferential",-4.78360386780383,52.800747802856,1.41524540390286,25,-18.3930418301023,2.5030595021929,1.69421388797295,-15.6075557718966,13.254626865899,-17.2324781540856,21.9448127130694,0.126931411747563,0.489936619841962,-0.862467695191886,"Levallois preferential"
"EXP29_Levallois preferential",-4.78360386780383,52.800747802856,1.41524540390286,26,19.5892033804417,1.44972848068008,12.6225759489828,3.61780279520197,12.1923522189969,-18.6133959006827,36.690264905426,-0.435303496074724,0.292792209759383,-0.851342227432271,"Levallois preferential"
"EXP29_Levallois preferential",-4.78360386780383,52.800747802856,1.41524540390286,27,-42.8648110621845,25.2606339214919,2.5144050177502,-36.150598682271,21.7146339520961,8.6748985197616,9.77785476747654,0.686675404736684,-0.362656232243368,0.630045510851998,"Levallois preferential"
"EXP29_Levallois preferential",-4.78360386780383,52.800747802856,1.41524540390286,28,-42.5897281777164,31.8421742998757,3.91149832175644,-30.9642701613177,52.700388039417,10.1139501418127,24.6715780418594,0.471208529777635,0.845434925327918,0.251400693118729,"Levallois preferential"
"EXP29_Levallois preferential",-4.78360386780383,52.800747802856,1.41524540390286,29,-19.2011288955776,84.5289345971393,8.3324512622654,-30.4634026723274,65.3023883380329,8.27838408524579,22.2823206811063,-0.505435404953099,-0.862861033833388,-0.00242646077100259,"Levallois preferential"
"EXP29_Levallois preferential",-4.78360386780383,52.800747802856,1.41524540390286,30,-7.92497724169098,97.5023680052172,2.35441850225398,-3.0388041776917,79.397228888439,14.8992705291224,22.5620048316914,0.216566439926296,-0.802461450205304,0.556016724597427,"Levallois preferential"
"EXP29_Levallois preferential",-4.78360386780383,52.800747802856,1.41524540390286,31,12.451545594744,99.345127666868,7.35696219776384,11.1115109296673,90.1236445071653,12.7927607169058,10.7879261264153,-0.124216151406103,-0.854796654300682,0.50387798872963,"Levallois preferential"
"EXP29_Levallois preferential",-4.78360386780383,52.800747802856,1.41524540390286,32,31.4027312371483,73.2148116917993,-4.13003847755085,19.1404868454959,67.0140564440486,12.9106871593273,21.8905992013575,-0.560160289759996,-0.283261101750296,0.778449483275059,"Levallois preferential"
"EXP29_Levallois preferential",-4.78360386780383,52.800747802856,1.41524540390286,33,39.0367131444231,34.7807076261059,0.0299396116326891,19.0770078717255,26.8821847746655,13.5652650017248,25.3767911924134,-0.786533849821988,-0.311249865735652,0.533374187755409,"Levallois preferential"
"EXP29_Levallois preferential",-4.78360386780383,52.800747802856,1.41524540390286,34,29.8026159835544,0.095808778891616,10.6085291030151,27.6952005703988,12.145101967867,12.3983612660827,12.3624498077625,-0.170469077401827,0.974668724754665,0.144779731436705,"Levallois preferential"
"EXP30_Levallois Nubian",-13.9710144037666,61.8419816950295,0.894399982836026,1,-51.292549098833,38.213323315905,0.112139730284477,-32.4737381375461,36.3746165395114,-20.5047344631479,27.9747026814232,0.672708166931966,-0.0657274823376269,-0.736982781487187,"Levallois Nubian"
"EXP30_Levallois Nubian",-13.9710144037666,61.8419816950295,0.894399982836026,2,-50.7421478856128,31.7669807927006,0.501504626414771,-43.4955721670854,29.3957240847999,-10.2789276993554,13.2042962383319,0.548804388187741,-0.179582210600285,-0.816433691821812,"Levallois Nubian"
"EXP30_Levallois Nubian",-13.9710144037666,61.8419816950295,0.894399982836026,3,-50.3845556595451,52.6273508663201,-1.12676489509408,-35.3238985093204,52.9968758517844,-17.118259687882,21.9701581291365,0.685505177600498,0.0168194049078929,-0.727873449922069,"Levallois Nubian"
"EXP30_Levallois Nubian",-13.9710144037666,61.8419816950295,0.894399982836026,4,-47.9198658569613,63.8883154592642,-0.970468790851092,-39.9781412791147,64.7188813038453,-12.4646762334808,13.9956290900681,0.567443201497983,0.0593446596245125,-0.821271224655881,"Levallois Nubian"
"EXP30_Levallois Nubian",-13.9710144037666,61.8419816950295,0.894399982836026,5,-49.4710558038646,55.8310554671249,-0.710776012595934,-46.6219590978495,55.8821277622669,-5.05599556490973,5.19623838727282,0.54829984571021,0.00982870517778747,-0.836224058341236,"Levallois Nubian"
"EXP30_Levallois Nubian",-13.9710144037666,61.8419816950295,0.894399982836026,6,-37.9485010195416,85.6992897616811,3.70986425124043,-34.4995733453018,87.7222392889095,-5.14602421335371,9.71669632072457,0.354948591619936,0.208193141007579,-0.91140941038834,"Levallois Nubian"
"EXP30_Levallois Nubian",-13.9710144037666,61.8419816950295,0.894399982836026,7,-43.6548052181839,78.6320371162836,0.742807537216629,-30.7136485613931,74.8060664446141,-16.1435710867244,21.6162293249116,0.598677801862359,-0.176995285077786,-0.781189835198518,"Levallois Nubian"
"EXP30_Levallois Nubian",-13.9710144037666,61.8419816950295,0.894399982836026,8,-31.5159705524708,96.07723409473,4.92693622874132,-17.965224133055,78.312855462489,-19.8745737374415,33.3812937633579,0.405938323286028,-0.532165672132836,-0.742976295107142,"Levallois Nubian"
"EXP30_Levallois Nubian",-13.9710144037666,61.8419816950295,0.894399982836026,9,-10.1458694045617,107.189565667268,0.632585200496877,-10.3004283753483,96.5034534004485,-11.9201914144748,16.4860269501146,-0.00937514971037981,-0.648192090135183,-0.761419149256237,"Levallois Nubian"
"EXP30_Levallois Nubian",-13.9710144037666,61.8419816950295,0.894399982836026,10,-17.5800336761093,105.169348542676,2.99727215522978,-16.4908737153106,95.8241433439548,-7.81244122541113,14.3307024600342,0.0760018543289249,-0.652110754848469,-0.75430450187542,"Levallois Nubian"
"EXP30_Levallois Nubian",-13.9710144037666,61.8419816950295,0.894399982836026,11,-4.12066962992145,109.041627938474,-2.20947085064827,-2.43812108771703,87.9735528496222,-18.4821651778042,26.6738699519105,0.0630785313581356,-0.789839461871676,-0.610061245574543,"Levallois Nubian"
"EXP30_Levallois Nubian",-13.9710144037666,61.8419816950295,0.894399982836026,12,0.948992586653485,109.183177977955,-2.70476721262153,3.2041580341551,103.472167269169,-8.8742561643419,8.70425231923297,0.259087784314177,-0.656117320515498,-0.708790224071081,"Levallois Nubian"
"EXP30_Levallois Nubian",-13.9710144037666,61.8419816950295,0.894399982836026,13,7.41075877764916,108.220221835983,-0.995428721945922,8.59499138071745,91.0854597486862,-16.9031414106285,23.4106343705612,0.0505852419171288,-0.731922160505123,-0.679507972184064,"Levallois Nubian"
"EXP30_Levallois Nubian",-13.9710144037666,61.8419816950295,0.894399982836026,14,10.8143623998009,106.501085316255,-0.307000689305111,23.5598937553356,87.5991837705536,-6.52508353161764,23.6303831076047,0.539370491688428,-0.799898226771383,-0.263139315769765,"Levallois Nubian"
"EXP30_Levallois Nubian",-13.9710144037666,61.8419816950295,0.894399982836026,15,32.6619494254186,80.5850577718413,0.619513274610539,16.8153479001147,72.4538381820128,-15.8154004561649,24.2350552146639,-0.65387107167454,-0.335514795316355,-0.6781463291584,"Levallois Nubian"
"EXP30_Levallois Nubian",-13.9710144037666,61.8419816950295,0.894399982836026,16,40.3034782365365,61.7880088650459,0.408743591634912,29.4981961570325,60.5863116824954,-8.891984207184,14.3074013896278,-0.755223243218532,-0.0839912958213136,-0.650064085401384,"Levallois Nubian"
"EXP30_Levallois Nubian",-13.9710144037666,61.8419816950295,0.894399982836026,17,-41.109756478077,16.1343311058976,5.54282804240322,-18.7940789636824,21.6502058136633,-21.3719112169135,35.395162467705,0.63047252671197,0.155836965370578,-0.760407281189175,"Levallois Nubian"
"EXP30_Levallois Nubian",-13.9710144037666,61.8419816950295,0.894399982836026,18,-16.3327822405798,1.636240637181,0.0992938817177119,-22.9774210727349,16.5890434089763,-14.9333367830108,22.2197551886632,-0.29904194604022,0.672950833383815,-0.676543487409721,"Levallois Nubian"
"EXP30_Levallois Nubian",-13.9710144037666,61.8419816950295,0.894399982836026,19,29.3842018086399,5.09730724961962,-3.31327703078425,24.4711631714245,6.40192906466101,-7.15271452115739,6.37034276735055,-0.771236151121377,0.204796172307693,-0.602705008284817,"Levallois Nubian"
"EXP30_Levallois Nubian",-13.9710144037666,61.8419816950295,0.894399982836026,20,24.1868316144483,5.2315896170688,7.49607144060442,13.0505832320415,0.512754817637558,-2.17734041804886,15.4873602297524,-0.719054003858789,-0.304689419593018,-0.624600429973206,"Levallois Nubian"
"EXP30_Levallois Nubian",-13.9710144037666,61.8419816950295,0.894399982836026,21,1.09542735580144,-2.10047571084894,-2.08406967967739,6.60036687747044,13.2430653517923,-15.2014635652925,20.9235425735836,0.26309787180203,0.733314686491606,-0.62692031425769,"Levallois Nubian"
"EXP30_Levallois Nubian",-13.9710144037666,61.8419816950295,0.894399982836026,22,-15.830354300288,107.135230268499,2.52427634070981,-18.0662703418486,83.5786166457616,12.0509229041665,25.5082410342401,-0.0876546539825836,-0.923490317937544,0.373473284601198,"Levallois Nubian"
"EXP30_Levallois Nubian",-13.9710144037666,61.8419816950295,0.894399982836026,23,12.8261462024665,104.871297472781,0.761683239156851,11.4895516456232,64.7721417143862,14.655935706819,42.4591454127437,-0.0314795444856536,-0.944417400976688,0.32723815641122,"Levallois Nubian"
"EXP30_Levallois Nubian",-13.9710144037666,61.8419816950295,0.894399982836026,24,-40.8584667709671,17.630458168392,6.57458300529653,-33.6161240418099,83.006619710958,6.99688980711499,65.7774457491405,0.110103739156697,0.993899364713782,0.00642023716501611,"Levallois Nubian"
"EXP30_Levallois Nubian",-13.9710144037666,61.8419816950295,0.894399982836026,25,-0.000124906062239916,-0.000117222359791391,-0.868079091334034,-0.000124906061369501,95.5392445592524,11.7019001532301,96.3627211521476,9.03269273531432e-15,0.991455623495362,0.130444419732786,"Levallois Nubian"
"EXP31_Levallois recurrent",15.5464156024546,61.4323345553229,-3.57397380582598,1,33.2378906238437,3.60934881049008,4.77764546393873,30.6114524800136,109.482718371151,11.7753790665283,106.136877827758,-0.0247457641263241,0.997517278890332,0.0659312177426749,"Levallois recurrent"
"EXP31_Levallois recurrent",15.5464156024546,61.4323345553229,-3.57397380582598,2,65.5328369184117,40.172831705278,2.4313837388542,56.2982479221141,44.0469245558769,9.62094092893044,12.3278530951248,-0.749083309562595,0.314255273866862,0.583196208991119,"Levallois recurrent"
"EXP31_Levallois recurrent",15.5464156024546,61.4323345553229,-3.57397380582598,3,61.9843332105947,83.6166853056349,4.68954302787954,52.4300493405405,76.7963079103986,11.5017435733987,13.5723234693032,-0.703953445529296,-0.502520987704284,0.501918522714736,"Levallois recurrent"
"EXP31_Levallois recurrent",15.5464156024546,61.4323345553229,-3.57397380582598,4,49.1054903421848,104.195232644906,3.44120323697007,45.6265839847263,100.069974282992,9.88793064314328,8.4071897948135,-0.413801334615366,-0.490682197332991,0.766811213201143,"Levallois recurrent"
"EXP31_Levallois recurrent",15.5464156024546,61.4323345553229,-3.57397380582598,5,26.1556951528178,124.648970681132,-1.57742131733796,26.9196398381907,111.323052656425,12.5745787912669,19.4536066002544,0.03927007989166,-0.685010152540676,0.727474365006426,"Levallois recurrent"
"EXP31_Levallois recurrent",15.5464156024546,61.4323345553229,-3.57397380582598,6,12.2796213140777,127.172006460754,1.80808041755154,14.8981151125575,107.530537831834,14.3571044028663,23.454675496743,0.111640589478351,-0.837422314013559,0.535032939895388,"Levallois recurrent"
"EXP31_Levallois recurrent",15.5464156024546,61.4323345553229,-3.57397380582598,7,-13.9669496444088,118.464979269897,-4.48185142139612,-5.51560905191581,111.607232587316,10.9656878587404,18.8965689262397,0.447242069472066,-0.36290962181278,0.817478524298986,"Levallois recurrent"
"EXP31_Levallois recurrent",15.5464156024546,61.4323345553229,-3.57397380582598,8,-25.8512168485128,109.216016849967,-0.506221583345154,-17.33294329973,103.141808142911,8.93780567750894,14.0942061348815,0.604381223551224,-0.430972035524846,0.670064505263707,"Levallois recurrent"
"EXP31_Levallois recurrent",15.5464156024546,61.4323345553229,-3.57397380582598,9,-32.7992495513429,98.390535276081,-1.86186687594063,-25.2676324518801,90.7712073083766,9.48368448061162,15.6045169869666,0.482656214591808,-0.488277078622062,0.727068410129481,"Levallois recurrent"
"EXP31_Levallois recurrent",15.5464156024546,61.4323345553229,-3.57397380582598,10,-41.0003417035624,74.4515386987094,-8.25191001248799,-32.9712807229595,69.1955438850748,11.1951097450495,21.6858912466434,0.370243532501602,-0.24236932454635,0.896759074199799,"Levallois recurrent"
"EXP31_Levallois recurrent",15.5464156024546,61.4323345553229,-3.57397380582598,11,-40.7131414235914,47.5108757671906,-2.04147605527954,-27.8277413947003,55.1604909271314,12.2979638827383,20.7405323879538,0.621266599519641,0.368824435981387,0.691372799395748,"Levallois recurrent"
"EXP31_Levallois recurrent",15.5464156024546,61.4323345553229,-3.57397380582598,12,-34.3931939141884,29.009986142618,1.92892218237249,-20.8907763829942,40.2565900343412,13.3975758189076,20.9840747834836,0.643460227363554,0.535959007379027,0.546540829408499,"Levallois recurrent"
"EXP31_Levallois recurrent",15.5464156024546,61.4323345553229,-3.57397380582598,13,-24.2911488299869,11.0050922456677,-8.77140048813855,-20.2013126285015,17.9767960267961,8.88747669925316,19.4207970301469,0.210590543484739,0.358981342027632,0.909276646060396,"Levallois recurrent"
"EXP31_Levallois recurrent",15.5464156024546,61.4323345553229,-3.57397380582598,14,27.3671400951321,1.3522564681889,2.82235683562353,21.276240929834,23.9149124936547,-29.2339678931452,39.6709018637286,-0.153535686842226,0.568745729627463,-0.808056364306606,"Levallois recurrent"
"EXP31_Levallois recurrent",15.5464156024546,61.4323345553229,-3.57397380582598,15,-15.1828779182626,3.96477262393272,2.77525864367461,7.45828661993182,16.9748902898229,-19.3746429837396,34.2418404211869,0.661213423685759,0.379947967336483,-0.646866563098319,"Levallois recurrent"
"EXP31_Levallois recurrent",15.5464156024546,61.4323345553229,-3.57397380582598,16,16.0680026359022,1.88608887642398,7.73843844168106,8.29065600809826,2.89651931771848,-4.17525437177388,14.2633855272539,-0.545266522659948,0.0708408560761262,-0.835264025549245,"Levallois recurrent"
"EXP31_Levallois recurrent",15.5464156024546,61.4323345553229,-3.57397380582598,17,-20.0572924958519,5.65658721062602,-5.37608898176054,19.3743878742179,51.7112007495946,-37.5202232086532,68.6231025983785,0.574612322629107,0.671124035421516,-0.468415635693688,"Levallois recurrent"
"EXP31_Levallois recurrent",15.5464156024546,61.4323345553229,-3.57397380582598,18,20.7694032469905,24.7516676297806,-29.5491282230452,32.9077275752298,39.7662210046063,-36.5641952236952,20.5423196247801,0.590893557784825,0.730908371064079,-0.341493420839766,"Levallois recurrent"
"EXP31_Levallois recurrent",15.5464156024546,61.4323345553229,-3.57397380582598,19,30.6369685582529,17.6902334702418,-25.0909511648772,40.0590537068374,27.1447181548404,-30.4764550261963,14.3932838865482,0.65461677980174,0.656867797447851,-0.374167834371167,"Levallois recurrent"
"EXP31_Levallois recurrent",15.5464156024546,61.4323345553229,-3.57397380582598,20,-31.5187759325027,23.3533924178625,1.50252787599906,3.01129380844544,52.6895422474909,-32.3391419080552,56.5525774559756,0.61058348344651,0.518741163521073,-0.598410741055948,"Levallois recurrent"
"EXP31_Levallois recurrent",15.5464156024546,61.4323345553229,-3.57397380582598,21,-42.3755742595124,66.8770352893312,-4.29732727965081,-16.8870647828201,55.7595672854963,-21.8760887465771,32.8979492502316,0.774775025726346,-0.337938025232885,-0.534342166231,"Levallois recurrent"
"EXP31_Levallois recurrent",15.5464156024546,61.4323345553229,-3.57397380582598,22,-40.2105336497961,84.7993814408057,-2.54844535573606,4.9628750503837,85.3026980748157,-24.375619352992,50.1728582595614,0.900355496321981,0.0100316516034658,-0.435039476609773,"Levallois recurrent"
"EXP31_Levallois recurrent",15.5464156024546,61.4323345553229,-3.57397380582598,23,-25.7877065224367,108.748737192357,-1.07453672494896,-8.58793141399495,107.707996242183,-11.8991787508112,20.3491592085375,0.845232716112694,-0.0511441745336267,-0.531945419215197,"Levallois recurrent"
"EXP31_Levallois recurrent",15.5464156024546,61.4323345553229,-3.57397380582598,24,5.76693317962772,90.8230613530018,-23.3559511099826,21.3894045775454,81.0976061525656,-34.1073631250725,21.312882295754,0.73300603743446,-0.456318158448878,-0.504456031140927,"Levallois recurrent"
"EXP31_Levallois recurrent",15.5464156024546,61.4323345553229,-3.57397380582598,25,-7.11003563178687,122.771820007822,-1.39973368472606,23.906454271221,108.632318259725,-23.2081035416965,40.4666918762362,0.766469618961418,-0.349410863416791,-0.538921489398476,"Levallois recurrent"
"EXP31_Levallois recurrent",15.5464156024546,61.4323345553229,-3.57397380582598,26,13.8845597058412,127.500783005452,0.526173569889099,15.1632299717854,117.549512062831,-12.1544201051834,16.1697324336164,0.0790780101769584,-0.615425826214193,-0.784217903860292,"Levallois recurrent"
"EXP31_Levallois recurrent",15.5464156024546,61.4323345553229,-3.57397380582598,27,24.2643218378069,115.336153411897,-16.1813329514737,28.9771986826334,93.9495914546882,-31.7472709096366,26.8680975326017,0.175407910407795,-0.795983486782349,-0.579346488499054,"Levallois recurrent"
"EXP31_Levallois recurrent",15.5464156024546,61.4323345553229,-3.57397380582598,28,24.7899185056871,122.940003185698,-8.98349195333906,21.7054356004844,117.192446252116,-14.0065395800277,8.23282776190715,-0.374656557188582,-0.698126706861886,-0.610124221222021,"Levallois recurrent"
"EXP31_Levallois recurrent",15.5464156024546,61.4323345553229,-3.57397380582598,29,38.8279253932798,115.40195834659,6.97389541128185,37.7217751770908,97.8991342251984,-23.586563769256,35.2351257391039,-0.0313933948860997,-0.496743625976818,-0.867329363511307,"Levallois recurrent"
"EXP31_Levallois recurrent",15.5464156024546,61.4323345553229,-3.57397380582598,30,48.5637598550379,90.6618405538907,-14.8014649638192,41.7958440727165,85.8715459426617,-26.9446925206083,14.7040668522326,-0.460275096021734,-0.325780252454558,-0.825841427329017,"Levallois recurrent"
"EXP31_Levallois recurrent",15.5464156024546,61.4323345553229,-3.57397380582598,31,62.7091958744284,83.4227652046931,3.62875932070045,44.1525968466626,74.1237297812451,-31.0344172172969,40.4024162023534,-0.459294289104544,-0.230160378945514,-0.857948107964351,"Levallois recurrent"
"EXP31_Levallois recurrent",15.5464156024546,61.4323345553229,-3.57397380582598,32,69.0545968596174,56.8891072195316,9.57389949603279,44.4223814333896,54.2214622986116,-35.6679091825116,51.5818148065209,-0.477536812510788,-0.0517167713258278,-0.877088346895949,"Levallois recurrent"
"EXP31_Levallois recurrent",15.5464156024546,61.4323345553229,-3.57397380582598,33,65.358013465405,32.6740610028747,3.5424078725419,56.6699812777101,29.9937312174537,-10.6892539502825,16.888051080343,-0.514448478771327,-0.158711610515008,-0.842705991065448,"Levallois recurrent"
"EXP31_Levallois recurrent",15.5464156024546,61.4323345553229,-3.57397380582598,34,55.7333674446102,26.7159973020319,-11.0837724432404,45.9420292779754,32.8831424662356,-26.8435548305011,19.5518470601519,-0.500788397971375,0.315425194623825,-0.806050821632101,"Levallois recurrent"
"EXP31_Levallois recurrent",15.5464156024546,61.4323345553229,-3.57397380582598,35,48.3341403960146,36.1896242319237,-26.1163928247107,28.8764664114526,48.8208350057746,-37.5553681618887,25.865009554754,-0.752277857983072,0.488351289687782,-0.442256760546044,"Levallois recurrent"
"EXP31_Levallois recurrent",15.5464156024546,61.4323345553229,-3.57397380582598,36,43.558060866351,14.4406401880769,-18.172187374069,45.9885450267579,21.4040312134686,-21.7730550001296,8.20745487266946,0.296131285290448,0.848422700267235,-0.438731334125431,"Levallois recurrent"
"EXP31_Levallois recurrent",15.5464156024546,61.4323345553229,-3.57397380582598,37,46.3927720414624,11.0577417601654,7.11982364293509,42.3412281448443,13.6730899332066,-18.6186879439988,26.1863711255145,-0.154719562981771,0.099874402623622,-0.982897227858185,"Levallois recurrent"
"EXP31_Levallois recurrent",15.5464156024546,61.4323345553229,-3.57397380582598,38,55.0877758523233,19.6263880726289,9.76343238997771,54.1872658327367,18.953636948664,2.67476324512157,7.17723781237653,-0.125467490854731,-0.0937339881374394,-0.987659783633245,"Levallois recurrent"
"EXP31_Levallois recurrent",15.5464156024546,61.4323345553229,-3.57397380582598,39,56.1055234457717,18.8648503334415,1.09422279418851,55.5937191574564,20.0280416066077,-6.68168381288426,7.87906600615999,-0.0649574820055124,0.147630603964582,-0.98690715384202,"Levallois recurrent"
"EXP32_Conical unidirectional",3.26038174856306,23.6163088034558,-3.82945531759308,1,-14.5293159573438,41.4620633390745,-2.1833566210212,-9.43694463442702,25.8287930323581,19.7686851180675,27.4266936156733,0.185672082616868,-0.570002003368811,0.80038965129008,"Conical unidirectional"
"EXP32_Conical unidirectional",3.26038174856306,23.6163088034558,-3.82945531759308,2,-2.85059799014585,42.0541378948272,3.43220037284325,1.42272557851491,25.4547701726928,24.2803151425938,26.989705306835,0.158331612741935,-0.615025897223511,0.772446921251521,"Conical unidirectional"
"EXP32_Conical unidirectional",3.26038174856306,23.6163088034558,-3.82945531759308,3,-10.3728891132854,34.9644281849663,-8.98442367077418,-6.5343147587929,30.4819084087488,-12.6139492789287,6.9282820929432,0.554044177618334,-0.646988635289995,-0.523870933582704,"Conical unidirectional"
"EXP32_Conical unidirectional",3.26038174856306,23.6163088034558,-3.82945531759308,4,-13.0681469032351,41.7996978944771,-2.67719222347512,-12.3109167031769,35.9562267270958,-7.60178971393359,7.67927166487336,0.0986070337271631,-0.760940805637938,-0.641284447975012,"Conical unidirectional"
"EXP32_Conical unidirectional",3.26038174856306,23.6163088034558,-3.82945531759308,5,-10.1145302617953,42.4571531921415,-0.901743970765594,-8.02696287364805,38.8912810790762,-7.98566653769163,8.20093534061799,0.254552353047814,-0.434812855480534,-0.86379446644829,"Conical unidirectional"
"EXP32_Conical unidirectional",3.26038174856306,23.6163088034558,-3.82945531759308,6,0.362990150691782,42.7780226603935,-6.00228149692285,1.03889649417939,40.856015202408,-0.225917856456884,6.12513991355429,0.110349535361943,-0.313789968084208,0.943058235728375,"Conical unidirectional"
"EXP32_Conical unidirectional",3.26038174856306,23.6163088034558,-3.82945531759308,7,17.1862833651741,31.6413182819509,-7.57540987729817,4.8714846741942,41.9245158783801,8.83533644311344,22.9501854981495,-0.536588198468935,0.448065990458261,0.715059419529958,"Conical unidirectional"
"EXP32_Conical unidirectional",3.26038174856306,23.6163088034558,-3.82945531759308,8,21.9783823116805,23.1111599857517,-6.94250645011744,7.0300491440633,32.8860455597555,18.8187459934727,31.3471399004332,-0.476864339620682,0.311827031271478,0.821805514806604,"Conical unidirectional"
"EXP32_Conical unidirectional",3.26038174856306,23.6163088034558,-3.82945531759308,9,18.127943348724,14.168490804326,1.72771991441363,7.04076231862187,23.5900221964962,23.6856640850595,26.3408836064606,-0.420911507592053,0.357677120210934,0.833606970012966,"Conical unidirectional"
"EXP32_Conical unidirectional",3.26038174856306,23.6163088034558,-3.82945531759308,10,20.7249781086496,11.8806171826185,-7.44942418973372,18.4915339338922,15.1269732543729,-0.0763929206917724,8.35994561708657,-0.267160132021987,0.388322630367268,0.881947276543582,"Conical unidirectional"
"EXP32_Conical unidirectional",3.26038174856306,23.6163088034558,-3.82945531759308,11,16.6301494467625,6.12337196180866,-5.51781664255696,15.1037251732362,10.8428360502587,4.09118524545134,10.8137056381579,-0.141156447623295,0.436433563698709,0.888594734269575,"Conical unidirectional"
"EXP32_Conical unidirectional",3.26038174856306,23.6163088034558,-3.82945531759308,12,-15.464517357847,12.3068713037876,-4.13253958963178,-15.9341339813535,25.9376698549768,15.8296613858122,24.1766142522106,-0.0194244164467149,0.563800969357934,0.825682238513557,"Conical unidirectional"
"EXP32_Conical unidirectional",3.26038174856306,23.6163088034558,-3.82945531759308,13,-6.98854468384925,4.20292056887488,-3.09032031273062,-6.50543759334217,25.1379469174728,21.8177002786663,32.5410235004807,0.0148460939005176,0.643342590262678,0.765434455097238,"Conical unidirectional"
"EXP32_Conical unidirectional",3.26038174856306,23.6163088034558,-3.82945531759308,14,8.38906408591577,0.670337475324786,-2.13162240290684,5.36471013045812,20.224126289501,23.49652172983,32.377448100887,-0.0934092750618847,0.603932365307091,0.791543053451292,"Conical unidirectional"
"EXP32_Conical unidirectional",3.26038174856306,23.6163088034558,-3.82945531759308,15,1.64713462929653,-0.52063815222953,-1.80967732112947,-8.25783193310461,24.6912254442631,-12.6059408796582,29.1600023222847,-0.339676466857876,0.864604306880496,-0.37024220503158,"Conical unidirectional"
"EXP32_Conical unidirectional",3.26038174856306,23.6163088034558,-3.82945531759308,16,20.5077247976159,28.7609882771997,-7.0328905996822,-12.5658340931742,26.8538091207648,-13.3219911585506,33.7201781708944,-0.980823966088579,-0.0565589881159362,-0.186508521010628,"Conical unidirectional"
"EXP33_Cylindrical bidirectional",-16.5371903785622,16.5912077512935,2.85910959780081,1,-11.2270619188847,-2.69963284725936,18.5361168313624,-16.119065327621,9.72102716614339,16.2822874351833,13.5382509751707,-0.361346780888335,0.917449383689398,-0.166478624182149,"Cylindrical bidirectional"
"EXP33_Cylindrical bidirectional",-16.5371903785622,16.5912077512935,2.85910959780081,2,-22.182484995472,42.9627638633033,6.58882121463332,-1.8576023301575,22.2046170085558,11.8338018010549,29.5213708616996,0.688480313483124,-0.703156603126405,0.177667243536659,"Cylindrical bidirectional"
"EXP33_Cylindrical bidirectional",-16.5371903785622,16.5912077512935,2.85910959780081,3,-17.4857973742415,47.581507403827,7.12933058829377,-12.1817655404556,45.3139473357594,10.1649540547525,6.51840411344863,0.813700982859097,-0.347870434020688,0.465700409736129,"Cylindrical bidirectional"
"EXP33_Cylindrical bidirectional",-16.5371903785622,16.5912077512935,2.85910959780081,4,-18.1851136299587,-4.63652824904892,19.9022225700394,-29.9856552740991,34.8186529986477,6.95921431204708,43.1681082878337,-0.273362491713961,0.913989118647955,-0.299828015897562,"Cylindrical bidirectional"
"EXP33_Cylindrical bidirectional",-16.5371903785622,16.5912077512935,2.85910959780081,5,-32.7704843132499,-0.745118383115308,10.658951508567,-32.9529218884463,30.7870340556444,2.46700056280822,32.5794103873557,-0.00559978136581692,0.967855220946464,-0.251445647676243,"Cylindrical bidirectional"
"EXP33_Cylindrical bidirectional",-16.5371903785622,16.5912077512935,2.85910959780081,6,-31.1382886321653,-10.3058484787712,2.64442965965966,-32.9437246012672,31.1841970005013,-5.31576472245761,42.285318581178,-0.0426965204397334,0.98119268983681,-0.188249601734359,"Cylindrical bidirectional"
"EXP33_Cylindrical bidirectional",-16.5371903785622,16.5912077512935,2.85910959780081,7,-21.9775141246861,-11.0574777124469,-5.17838188371781,-25.3367314366174,8.44109948128817,-7.79007957966969,19.9574501974542,-0.168318962527576,0.977007433355507,-0.130863295166084,"Cylindrical bidirectional"
"EXP33_Cylindrical bidirectional",-16.5371903785622,16.5912077512935,2.85910959780081,8,-31.9567967520002,24.0108589842685,-10.002429951415,-16.6728238800498,20.7990146028154,-9.47276539373211,15.6267819983787,0.978062717809471,-0.205534599624306,0.0338946660763463,"Cylindrical bidirectional"
"EXP33_Cylindrical bidirectional",-16.5371903785622,16.5912077512935,2.85910959780081,9,-6.07290338310193,-4.83378515242128,-5.59391141086649,-10.5639644487986,29.850759439601,-11.6086174440845,35.487518252448,-0.126553258352657,0.977373068054138,-0.169487930669908,"Cylindrical bidirectional"
"EXP33_Cylindrical bidirectional",-16.5371903785622,16.5912077512935,2.85910959780081,10,4.99736738130763,20.0179150260581,-3.33787202121926,0.395462758129966,-0.677539990390301,-3.64244177472797,21.2031164509705,-0.217039067526652,-0.976057225564176,-0.0143643862077065,"Cylindrical bidirectional"
"EXP33_Cylindrical bidirectional",-16.5371903785622,16.5912077512935,2.85910959780081,11,-1.17618972447252,32.3343967542728,-8.29818786944575,-0.335397993765213,20.4666537103113,-7.43360316816315,11.9288625776984,0.0704838139622138,-0.994876331809606,0.0724783855670353,"Cylindrical bidirectional"
"EXP33_Cylindrical bidirectional",-16.5371903785622,16.5912077512935,2.85910959780081,12,3.13337370519295,45.3601826183908,-1.89416638428377,5.52716687192381,18.3713564653509,-1.16416752430678,27.1046099617697,0.0883168276579976,-0.99572826139564,0.0269326458121563,"Cylindrical bidirectional"
"EXP33_Cylindrical bidirectional",-16.5371903785622,16.5912077512935,2.85910959780081,13,-33.466385207539,31.5056467521672,0.869586338907756,-12.4559381556055,49.4855250138357,-3.23150384592735,27.9559268909237,0.751556088049253,0.643150854265036,-0.146698415718299,"Cylindrical bidirectional"
"EXP33_Cylindrical bidirectional",-16.5371903785622,16.5912077512935,2.85910959780081,14,2.60084936885291,45.6069788854073,-2.50329250667272,-12.6374447016149,51.1528980681593,1.41841149574895,16.6836023700603,-0.913369530900224,0.332417367648633,0.235063382321998,"Cylindrical bidirectional"
"EXP33_Cylindrical bidirectional",-16.5371903785622,16.5912077512935,2.85910959780081,15,-31.150426078015,-6.23374319523005,13.3654272831698,-7.46894863753677,-6.80533195011678,-5.46942448581517,30.263686633129,0.782504713571634,-0.0188869506156275,-0.622358141534774,"Cylindrical bidirectional"
"EXP34_Multiplatform",13.740099861015,16.8035975379434,4.98962726116796,1,6.50601173839887,50.942500232971,4.0431801309852,16.0779964923075,49.7767514424935,0.140874101573885,10.4023965853422,0.920171104358425,-0.112065405400918,-0.375135287084707,"Multiplatform"
"EXP34_Multiplatform",13.740099861015,16.8035975379434,4.98962726116796,2,16.5910246206767,49.6047392719245,5.53993438798691,30.1057778837376,48.1119927273617,-3.34744934445499,16.2438430679255,0.831992355906627,-0.0918961441772543,-0.547123220489035,"Multiplatform"
"EXP34_Multiplatform",13.740099861015,16.8035975379434,4.98962726116796,3,-0.372092410493906,48.7863483253249,-1.7674250362713,23.038302784142,35.7813184985639,-17.9838623844624,31.3073512809977,0.747760325826258,-0.41539859792146,-0.517975385481872,"Multiplatform"
"EXP34_Multiplatform",13.740099861015,16.8035975379434,4.98962726116796,4,26.5508895662835,-14.4121783895676,-5.19494677168413,1.30807527974359,1.69595666018434,17.7193574703857,37.7059282710813,-0.669465398254098,0.427204309464145,0.60771091689696,"Multiplatform"
"EXP34_Multiplatform",13.740099861015,16.8035975379434,4.98962726116796,5,28.4047749682292,-15.0843595343242,-2.98976032983238,36.1240717154229,11.8085424050275,-13.6647671874282,29.946143130636,0.257772652508849,0.898042256127442,-0.356473513501473,"Multiplatform"
"EXP34_Multiplatform",13.740099861015,16.8035975379434,4.98962726116796,6,36.6258547531314,-9.80322894518546,6.69916218610902,43.5667425754155,26.7388084503579,-5.25189541691748,39.0681993264301,0.177660807048983,0.935339688686962,-0.305902442627845,"Multiplatform"
"EXP34_Multiplatform",13.740099861015,16.8035975379434,4.98962726116796,7,39.4704801310495,36.3590510161987,-0.174267847505346,16.5184615297498,20.9256323937032,-26.4548575804128,38.1530466013004,-0.601577610332105,-0.404513400562081,-0.688820214216174,"Multiplatform"
"EXP34_Multiplatform",13.740099861015,16.8035975379434,4.98962726116796,8,-1.89570404702152,-5.18872875131088,1.18031463438743,-5.328792898377,7.08769980486757,-3.46627767677104,13.5678891970112,-0.253030431005565,0.904814918364958,-0.342469800842865,"Multiplatform"
"EXP34_Multiplatform",13.740099861015,16.8035975379434,4.98962726116796,9,-8.22791198583777,28.8411104108084,-4.31610066861936,2.4069943273818,22.7743349183554,-16.5987240685466,17.3427170521584,0.613220309207317,-0.349816898598247,-0.708229475403832,"Multiplatform"
"EXP34_Multiplatform",13.740099861015,16.8035975379434,4.98962726116796,10,12.4401375184571,26.6220829199413,21.1334653762192,14.1660295036499,49.8746049481408,5.3620853798644,28.1495099567626,0.0613116174257994,0.826036476795339,-0.560271920206765,"Multiplatform"
"EXP34_Multiplatform",13.740099861015,16.8035975379434,4.98962726116796,11,0.454059626805453,0.480831171635044,12.0873583809337,-0.811864333989753,8.86642372244476,7.29747334836329,9.73980105176449,-0.129974314061155,0.860961379625979,-0.49178468914441,"Multiplatform"
"EXP34_Multiplatform",13.740099861015,16.8035975379434,4.98962726116796,12,8.33367385250129,4.49500272690509,23.6346126913066,8.12439149727509,30.0110121170754,19.0252614565899,25.9298409773075,-0.00807110060602972,0.98404033455125,-0.177762418163323,"Multiplatform"
"EXP35_Levallois laminar",18.0204605580833,25.0472888067942,1.04262741502869,1,4.88985140814715,-1.35541069108563,7.53874248360962,5.159543298074,9.81717289915647,9.1670833069558,11.2938413143365,0.0238795536806864,0.989263376319931,0.144179538035402,"Levallois laminar"
"EXP35_Levallois laminar",18.0204605580833,25.0472888067942,1.04262741502869,2,7.87672806973142,-1.15411595910932,8.00340841033118,7.07221993900191,12.217184104982,10.0601413557791,13.5524554655335,-0.0593625363887402,0.98663301997908,0.151760907879652,"Levallois laminar"
"EXP35_Levallois laminar",18.0204605580833,25.0472888067942,1.04262741502869,3,-8.21594480813032,24.022903630323,-6.73979438339735,0.393715137216342,29.2546786851745,-17.8398938422329,14.9903276346821,0.574347683063784,0.349010053839453,-0.740484112779096,"Levallois laminar"
"EXP35_Levallois laminar",18.0204605580833,25.0472888067942,1.04262741502869,4,-9.00100268031968,17.7244715416124,1.8219352834192,-7.58373327542016,18.7917852766694,-5.75952567529148,7.78629317734439,0.182021068641921,0.13707597578813,-0.973693230659526,"Levallois laminar"
"EXP35_Levallois laminar",18.0204605580833,25.0472888067942,1.04262741502869,5,4.75729341051692,53.1880203488341,1.43688324684188,2.5683587315379,34.7103651611301,-17.8865613877854,26.82556036343,-0.0815988426457289,-0.688807798881759,-0.720337035753781,"Levallois laminar"
"EXP35_Levallois laminar",18.0204605580833,25.0472888067942,1.04262741502869,6,12.2863768639578,55.7487578531025,1.31962670592532,13.7925139731419,48.4353243451337,-7.92886433738361,11.8865194756626,0.126709682533046,-0.615271234186159,-0.778065527276087,"Levallois laminar"
"EXP35_Levallois laminar",18.0204605580833,25.0472888067942,1.04262741502869,7,38.0242535402707,47.5671671219642,-1.84173907345339,18.1136227978744,47.2474343557091,-7.49297585052056,20.6995633459344,-0.96188650985756,-0.0154463531868567,-0.273012366619663,"Levallois laminar"
"EXP35_Levallois laminar",18.0204605580833,25.0472888067942,1.04262741502869,8,41.5533025128676,41.5718604763624,-1.06598668713347,38.2691560574463,42.7150031930712,-2.24469515093452,3.67174983544038,-0.894436332160234,0.311334586489248,-0.321020907367911,"Levallois laminar"
"EXP35_Levallois laminar",18.0204605580833,25.0472888067942,1.04262741502869,9,43.3342528237001,29.9931866945055,1.14329437699775,36.1811245054002,28.4823576790115,-5.51083570927721,9.88571172233903,-0.723582531962339,-0.15282956431755,-0.673105819102375,"Levallois laminar"
"EXP35_Levallois laminar",18.0204605580833,25.0472888067942,1.04262741502869,10,37.7109841732038,22.6415868430813,-3.76505388788907,1.37919316388422,22.4306406555231,-17.3311621702771,38.7825067545717,-0.936808732845429,-0.00543920971620255,-0.349799675617638,"Levallois laminar"
"EXP35_Levallois laminar",18.0204605580833,25.0472888067942,1.04262741502869,11,9.132856006405,-1.56732858157812,6.95661815152106,0.741879239867091,0.186939479031103,0.353539970314523,10.8206556636915,-0.775459179862241,0.162122159241758,-0.610229027374289,"Levallois laminar"
"EXP35_Levallois laminar",18.0204605580833,25.0472888067942,1.04262741502869,12,26.3066371172743,1.46343217028397,-6.26219599165408,9.81889335419354,7.27326945842229,-13.8028306899172,19.0384105262047,-0.866025225182893,0.305163988356149,-0.396074802982325,"Levallois laminar"
"EXP35_Levallois laminar",18.0204605580833,25.0472888067942,1.04262741502869,13,8.843284041169,54.3554505909724,0.894809300593434,12.3912581146251,37.168548333959,8.93113066067326,19.3018183138409,0.183815535705871,-0.890429180171542,0.416350482084745,"Levallois laminar"
"EXP35_Levallois laminar",18.0204605580833,25.0472888067942,1.04262741502869,14,14.0418185492736,1.04122664537156,8.15407028390883,17.8258786001173,40.0290652254345,8.89151257625275,39.1779847458744,0.0965863883859462,0.995146606773041,0.0188228745589467,"Levallois laminar"
"EXP35_Levallois laminar",18.0204605580833,25.0472888067942,1.04262741502869,15,29.8758059994493,53.5341737845177,4.66912126252996,34.5812554864671,18.3895319455477,5.33467299294833,35.4644901834246,0.132680590153162,-0.990981166152387,0.0187667079655198,"Levallois laminar"
"EXP35_Levallois laminar",18.0204605580833,25.0472888067942,1.04262741502869,16,26.9108719018158,1.98123843954849,-5.58170084169188,30.7151179584982,15.7809986753259,7.08565456249058,19.1145903320107,0.199023154072601,0.721949045000838,0.662706089126523,"Levallois laminar"
"EXP36_Conical unidirectional",-8.46353451365496,40.292322990693,5.93786324523009,1,10.8561646592804,8.20296352971832,-8.74708903987184,0.138362642159953,10.4852007731545,-14.7345938113129,12.4871974558565,-0.858303238577672,0.182766169230856,-0.479491478580963,"Conical unidirectional"
"EXP36_Conical unidirectional",-8.46353451365496,40.292322990693,5.93786324523009,2,-0.815681707446005,-0.983561308032833,4.43148495657896,-12.9005005147984,4.33840696757699,-4.78137090709984,16.1010218650263,-0.75056222571825,0.330536056669166,-0.572190755401085,"Conical unidirectional"
"EXP36_Conical unidirectional",-8.46353451365496,40.292322990693,5.93786324523009,3,-12.0636806745632,7.33603886876814,-16.1292619837659,-25.7634026941997,1.61777269939772,5.2944107248531,26.0644336927758,-0.525609809179685,-0.219389618695431,0.821950438714384,"Conical unidirectional"
"EXP36_Conical unidirectional",-8.46353451365496,40.292322990693,5.93786324523009,4,-46.2655125092127,22.228394139734,10.0496364215668,-45.9105301589518,20.6423996870893,-2.74098287469136,12.8934608563655,0.02753196788786,-0.123007660263816,-0.992023742790788,"Conical unidirectional"
"EXP36_Conical unidirectional",-8.46353451365496,40.292322990693,5.93786324523009,5,-54.7038569066969,58.8161177977523,8.1091201557014,-44.8325317560231,27.1177128332295,-16.9242160692332,41.5800416074327,0.237405369717312,-0.762346638894573,-0.602051735813073,"Conical unidirectional"
"EXP36_Conical unidirectional",-8.46353451365496,40.292322990693,5.93786324523009,6,-35.0773910833717,54.7249944861985,20.9837495383334,-55.3604425689722,64.0665414822509,4.74428067771085,27.6113568431924,-0.734590900432383,0.338322634744246,-0.588144543306874,"Conical unidirectional"
"EXP36_Conical unidirectional",-8.46353451365496,40.292322990693,5.93786324523009,7,-13.1348968610442,32.5976987478678,38.4706801577295,-28.091528344829,43.3793700667649,23.316515365383,23.8661679438503,-0.626687598904575,0.451755444957188,-0.634964307131316,"Conical unidirectional"
"EXP36_Conical unidirectional",-8.46353451365496,40.292322990693,5.93786324523009,8,-13.6737662847603,15.8530071062773,32.0961813436077,-53.0395612074916,36.7340407342522,11.9330275082828,48.9104911839794,-0.804853804772778,0.426923408915068,-0.412245989505199,"Conical unidirectional"
"EXP36_Conical unidirectional",-8.46353451365496,40.292322990693,5.93786324523009,9,-15.9751801043225,50.7841576573039,31.5883164627413,-31.466676394703,53.0846479676719,19.846448743053,19.5742220925796,-0.791423343268045,0.117526525421416,-0.59986382417412,"Conical unidirectional"
"EXP36_Conical unidirectional",-8.46353451365496,40.292322990693,5.93786324523009,10,-6.26698886736143,47.756801428931,39.1694731956571,-14.1472026063924,50.243695768131,33.4567653251221,10.0457674291828,-0.784431233808881,0.24755643177401,-0.568668139174683,"Conical unidirectional"
"EXP36_Conical unidirectional",-8.46353451365496,40.292322990693,5.93786324523009,11,-2.42553092945588,51.3697135513152,35.6708543458681,-19.3056303993948,54.7409787584847,23.0625247154691,21.3371310930242,-0.791113828581086,0.157999929440922,-0.590910257589459,"Conical unidirectional"
"EXP36_Conical unidirectional",-8.46353451365496,40.292322990693,5.93786324523009,12,1.75916477298191,56.4972609089838,33.8112142685379,-20.3559983347739,58.2138043552588,18.2222445592014,27.1116752946808,-0.815706254496739,0.0633138095531764,-0.574991015490474,"Conical unidirectional"
"EXP36_Conical unidirectional",-8.46353451365496,40.292322990693,5.93786324523009,13,-34.6987126354297,75.0075500413576,11.6705866521909,-48.9071819537754,65.6842658044851,-8.73986626928207,26.5591945998283,-0.534973651589479,-0.351037912758572,-0.768489151459618,"Conical unidirectional"
"EXP36_Conical unidirectional",-8.46353451365496,40.292322990693,5.93786324523009,14,-18.5908135013685,72.998640497959,2.87984823053521,-35.5516437042845,76.918670912205,-5.69731520884085,19.4062910492069,-0.873986181074465,0.201997919350295,-0.441978501591451,"Conical unidirectional"
"EXP36_Conical unidirectional",-8.46353451365496,40.292322990693,5.93786324523009,15,-14.0703929638876,63.8863317425004,11.751827611166,-22.2357835698678,65.3647353902868,5.48109312095011,10.4010284174596,-0.785056080826921,0.142140141190718,-0.602895621330058,"Conical unidirectional"
"EXP36_Conical unidirectional",-8.46353451365496,40.292322990693,5.93786324523009,16,13.3741663560223,56.8618805468515,19.9871766017694,-8.62022448971758,57.5529463433854,7.30951168728348,25.3959443276735,-0.866059184961,0.0272116597680877,-0.49920037431612,"Conical unidirectional"
"EXP36_Conical unidirectional",-8.46353451365496,40.292322990693,5.93786324523009,17,0.384004442734897,60.561539763883,-5.92788827652304,-7.70937882747579,64.5471377474717,-8.4762123279963,9.3745292957369,-0.863337562334056,0.425151797797584,-0.271834880566443,"Conical unidirectional"
"EXP36_Conical unidirectional",-8.46353451365496,40.292322990693,5.93786324523009,18,20.4859455209519,44.7111776389726,-5.01795587253931,4.76576956808624,48.3588262231002,-10.0389992257109,16.9008919450061,-0.930138835513393,0.215825803513606,-0.297087477365667,"Conical unidirectional"
"EXP36_Conical unidirectional",-8.46353451365496,40.292322990693,5.93786324523009,19,-8.9230298727201,66.7528184187021,-11.1847817411552,-44.0401586580635,59.5969353657837,-25.3180840486927,38.5249221999173,-0.9115431460993,-0.185746852797894,-0.366861280970161,"Conical unidirectional"
"EXP36_Conical unidirectional",-8.46353451365496,40.292322990693,5.93786324523009,20,4.26127620454075,46.6443925889061,-14.3483350137211,-13.5874445439784,53.9909811247342,-24.6452604776119,21.8763769733999,-0.815890161804302,0.335822908188179,-0.470686964135384,"Conical unidirectional"
"EXP36_Conical unidirectional",-8.46353451365496,40.292322990693,5.93786324523009,21,21.4564213449291,26.4323167928665,-13.8939567125479,10.6915034100903,30.9912893834025,-15.2550237403276,11.7694601694037,-0.914648401871788,0.387356134004142,-0.115643963970237,"Conical unidirectional"
"EXP36_Conical unidirectional",-8.46353451365496,40.292322990693,5.93786324523009,22,19.5892290661769,22.7981139267822,-14.0728392738294,3.83296914986914,30.2838756468613,-19.2796812614254,18.2046026752533,-0.865509684412187,0.411201598497667,-0.286017886821227,"Conical unidirectional"
"EXP36_Conical unidirectional",-8.46353451365496,40.292322990693,5.93786324523009,23,-25.047463879728,14.6485201859675,-21.2408484224682,-51.0917520612194,51.4381724781919,-23.4748736280822,45.1306362827145,-0.577086660563363,0.815181334066749,-0.0495013008817178,"Conical unidirectional"
"EXP36_Conical unidirectional",-8.46353451365496,40.292322990693,5.93786324523009,24,-2.31049415819642,37.4938819087465,-24.2671334690222,-47.2500216558065,55.8142252057319,-25.9683755867163,48.5601723119973,-0.925440033632404,0.377270969700805,-0.0350336919474611,"Conical unidirectional"
"EXP36_Conical unidirectional",-8.46353451365496,40.292322990693,5.93786324523009,25,0.28865773057275,13.3273237990124,-17.3934790057872,-25.3421183152626,27.4753589540922,-25.0180536592047,30.2528960284248,-0.847217272083751,0.467658869477707,-0.252027926392691,"Conical unidirectional"
"EXP37_Conical unidirectional",-20.8501873388253,25.8525838445939,-3.11344037177393,1,-17.6599710541741,49.3369092737011,-3.10791962372214,-12.3447190059118,39.4532023144951,11.4231075186138,18.360019537117,0.289501437485774,-0.538327692910397,0.791449437891922,"Conical unidirectional"
"EXP37_Conical unidirectional",-20.8501873388253,25.8525838445939,-3.11344037177393,2,-25.4397193831469,39.5832416064685,-6.81205498051319,-19.1559433054453,31.1414631120899,10.6293008629016,20.3703303753146,0.308476885839634,-0.414415394293681,0.856213695215799,"Conical unidirectional"
"EXP37_Conical unidirectional",-20.8501873388253,25.8525838445939,-3.11344037177393,3,-22.031609626977,46.7287819765484,-4.29037389712261,-16.2226112957272,35.9538287174101,11.5085497414241,19.986246958489,0.290649782488679,-0.539118388835967,0.790489763854153,"Conical unidirectional"
"EXP37_Conical unidirectional",-20.8501873388253,25.8525838445939,-3.11344037177393,4,-18.5030936463064,34.6120851370293,16.5827988272403,-14.1123189423279,25.1935248570596,28.3446893955733,15.694911595481,0.279757848731229,-0.600102792721789,0.749407889096976,"Conical unidirectional"
"EXP37_Conical unidirectional",-20.8501873388253,25.8525838445939,-3.11344037177393,5,-21.5199555715912,31.3218746952338,14.7018745704684,-16.9923399118504,25.2921756179927,25.3549500941872,13.0516126451282,0.346900860671106,-0.46198881633925,0.816226761655795,"Conical unidirectional"
"EXP37_Conical unidirectional",-20.8501873388253,25.8525838445939,-3.11344037177393,6,-21.9132976925425,21.2562805545342,16.0624928399402,-6.12601040164763,15.3286646924381,31.4058070261922,22.7989552399198,0.692456611487713,-0.259995065550948,0.672983214572334,"Conical unidirectional"
"EXP37_Conical unidirectional",-20.8501873388253,25.8525838445939,-3.11344037177393,7,-31.2983738977676,20.8656688352226,-8.38436916247445,-27.4498754784532,21.0826987632685,-0.5566301539018,8.72533896530462,0.441071508467183,0.0248735239867429,0.897127210724858,"Conical unidirectional"
"EXP37_Conical unidirectional",-20.8501873388253,25.8525838445939,-3.11344037177393,8,-32.1592605553913,27.4555386260758,-7.45275071945427,-28.3634973099296,27.1937721165687,-1.05841298356056,7.44069186311134,0.510135793188785,-0.0351803991245547,0.859374081541377,"Conical unidirectional"
"EXP37_Conical unidirectional",-20.8501873388253,25.8525838445939,-3.11344037177393,9,-29.2145294942898,24.6778067196808,0.213091928458555,-24.3375483491532,23.4375429291521,9.3085430500243,10.3947308991097,0.469178201193674,-0.119316584774199,0.875005924621365,"Conical unidirectional"
"EXP37_Conical unidirectional",-20.8501873388253,25.8525838445939,-3.11344037177393,10,-21.6723595914381,14.3802358873841,9.23789178775161,-19.4151848963066,15.0322019253733,18.7283913766136,9.77698725401762,0.230866077298397,0.0666837361091207,0.970697756096809,"Conical unidirectional"
"EXP37_Conical unidirectional",-20.8501873388253,25.8525838445939,-3.11344037177393,11,-24.7846805362469,12.7956379432399,-9.67963346285507,-20.9894584168961,14.4701686996663,7.13849132285229,17.3221559136573,0.2190964068369,0.0966698813226924,0.970902517535214,"Conical unidirectional"
"EXP37_Conical unidirectional",-20.8501873388253,25.8525838445939,-3.11344037177393,12,-14.6681140914878,3.19906457714446,-8.62737336212757,-13.5739095297411,7.1520052962111,5.65961135918736,14.8640827627704,0.0736139982002352,0.265939095076048,0.96117499810342,"Conical unidirectional"
"EXP37_Conical unidirectional",-20.8501873388253,25.8525838445939,-3.11344037177393,13,-16.6425821196583,5.43788166034741,-8.81556330758723,1.13137141608378,27.4760532489193,-13.15758174823,28.6434557167416,0.620524063559604,0.769396395690166,-0.151588498384466,"Conical unidirectional"
"EXP37_Conical unidirectional",-20.8501873388253,25.8525838445939,-3.11344037177393,14,-23.001125683007,11.3566948139415,-10.825020117381,-16.4106878494797,18.736115210849,-10.3378767507618,9.90590858485604,0.665303720206209,0.744951392766641,0.0491770504892288,"Conical unidirectional"
"EXP37_Conical unidirectional",-20.8501873388253,25.8525838445939,-3.11344037177393,15,-13.5145639090954,19.8190858683676,-11.1211776701741,-8.10703592659935,28.520690988617,-10.4687081152989,10.2657199976557,0.526755842135855,0.847637099223101,0.0635580899366239,"Conical unidirectional"
"EXP37_Conical unidirectional",-20.8501873388253,25.8525838445939,-3.11344037177393,16,-5.02381107188167,28.4971773504191,-11.3812557615864,-2.28188672057919,33.2668777178702,-11.8449594485842,5.52116037195663,0.496621030106173,0.863894552253478,-0.0839866360979252,"Conical unidirectional"
"EXP37_Conical unidirectional",-20.8501873388253,25.8525838445939,-3.11344037177393,17,-21.4134563082344,22.4010499424346,-10.6326258469978,-22.1576854189905,26.6414333294024,-10.2875911496479,4.31900187313511,-0.172315070152043,0.981797070601814,0.0798876007662878,"Conical unidirectional"
"EXP37_Conical unidirectional",-20.8501873388253,25.8525838445939,-3.11344037177393,18,-24.4391885022542,26.9340244853154,-9.93797917667225,-19.5733313539086,39.0996228656148,-8.18078838687222,13.2199118457957,0.368070317344297,0.920248071409679,0.132920008113281,"Conical unidirectional"
"EXP37_Conical unidirectional",-20.8501873388253,25.8525838445939,-3.11344037177393,19,-11.2538667021905,50.5400530941963,-4.88541992889582,-10.9008925668015,33.1200515330222,-11.0883737944527,18.49480148014,0.0190850459123915,-0.941886377092501,-0.335389048226212,"Conical unidirectional"
"EXP38_Multiplatform",-27.9471272557507,26.8154674807605,-2.75990772101247,1,-61.3266694508422,22.1964316521238,-0.88392481487964,-39.3309185195172,41.2023665110511,10.5940762993467,31.2535298562075,0.703784533539856,0.608121224910294,0.367254552270889,"Multiplatform"
"EXP38_Multiplatform",-27.9471272557507,26.8154674807605,-2.75990772101247,2,-25.6828814040893,44.8986463722029,5.86019005401586,-21.6167274206069,10.8636682615003,11.5043369202521,34.7385914662791,0.117050053322667,-0.979745484031513,0.162474833549745,"Multiplatform"
"EXP38_Multiplatform",-27.9471272557507,26.8154674807605,-2.75990772101247,3,-45.4186281735288,51.7974967623256,5.35579206186845,-43.717739235035,41.4085456467123,8.70749082962482,11.0479506286675,0.153955153825573,-0.940350972302126,0.303377420881961,"Multiplatform"
"EXP38_Multiplatform",-27.9471272557507,26.8154674807605,-2.75990772101247,4,-57.3408133120704,8.03008003425697,-1.57414890953571,-49.8021641817297,14.4908732482343,9.08270458635364,14.5650817401418,0.517583715961167,0.443580978757653,0.73167138269597,"Multiplatform"
"EXP38_Multiplatform",-27.9471272557507,26.8154674807605,-2.75990772101247,5,-60.027497470354,34.9366100687002,-5.2837230150794,-52.1393853064607,30.3379593689682,4.93594047974037,13.7044308059715,0.575588455702677,-0.335559408839386,0.745719660999474,"Multiplatform"
"EXP38_Multiplatform",-27.9471272557507,26.8154674807605,-2.75990772101247,6,-28.6190293744764,-1.83720901000313,-4.07111331589875,-36.6813264404966,13.0109330635616,10.3638341704102,22.2224135941625,-0.362800243630515,0.668160639286504,0.649567042983162,"Multiplatform"
"EXP38_Multiplatform",-27.9471272557507,26.8154674807605,-2.75990772101247,7,-3.87686892743454,-0.788896075061027,-7.42507721567797,-1.75982298479553,0.682384888217042,12.4509549391128,20.0425349049073,0.105627654020983,0.0734079282016286,0.991692530365722,"Multiplatform"
"EXP38_Multiplatform",-27.9471272557507,26.8154674807605,-2.75990772101247,8,4.61644166910674,28.392994953222,-11.2721477692584,2.31914940035075,30.902590048427,5.55403849652271,17.1667167379415,-0.133822460277367,0.146189579144062,0.980163331325445,"Multiplatform"
"EXP38_Multiplatform",-27.9471272557507,26.8154674807605,-2.75990772101247,9,0.844700310722375,52.3961517239581,-4.9774877357503,-7.48681315577348,48.7867379592336,-5.48573479299951,9.09397049910475,-0.916157960630733,-0.396901855474448,-0.0558883556197207,"Multiplatform"
"EXP38_Multiplatform",-27.9471272557507,26.8154674807605,-2.75990772101247,10,0.90549024496638,52.3951397062105,-4.49885213438938,-21.1331384573037,46.0086353330867,-4.59048058262228,22.9455221983937,-0.960476231994968,-0.278333363603768,-0.00399330411575092,"Multiplatform"
"EXP38_Multiplatform",-27.9471272557507,26.8154674807605,-2.75990772101247,11,-36.2549565649589,48.987575164744,8.30015571427003,-31.4524615680568,44.3737420977628,-13.993211941479,23.2668359516208,0.206409457946411,-0.198300838007144,-0.958160692846421,"Multiplatform"
"EXP38_Multiplatform",-27.9471272557507,26.8154674807605,-2.75990772101247,12,-58.6377534476343,41.0404846576084,-0.188330559004035,-20.8113027848342,46.850089599788,-16.6984222035636,41.6794314433534,0.907556781675634,0.139387816507896,-0.396120846010062,"Multiplatform"
"EXP38_Multiplatform",-27.9471272557507,26.8154674807605,-2.75990772101247,13,-60.2874156485284,22.7811011051154,-2.91289319455223,-35.0370163335989,13.7029424816093,-12.0252750415663,28.3378039460139,0.891049968552036,-0.320355050828952,-0.321562738749058,"Multiplatform"
"EXP38_Multiplatform",-27.9471272557507,26.8154674807605,-2.75990772101247,14,-31.2163529850981,-0.519851390454376,-4.5687716339532,-33.4629520114096,16.4151898858511,-13.4701021022162,19.2633463946538,-0.11662558416823,0.87913288425346,-0.462086404194726,"Multiplatform"
"EXP38_Multiplatform",-27.9471272557507,26.8154674807605,-2.75990772101247,15,4.95407903946694,35.2926756909997,-10.4486141686827,-6.77383045298637,38.9053583545721,-13.9778266828012,12.7691298865922,-0.918457999614192,0.282923166704237,-0.276386296126893,"Multiplatform"
"EXP38_Multiplatform",-27.9471272557507,26.8154674807605,-2.75990772101247,16,5.57873502318169,18.6484603097854,-6.69966668908364,-9.35735134687641,28.8158137621091,-12.5931565452243,19.0051302274608,-0.785897607188015,0.534979415065132,-0.310099945941177,"Multiplatform"
"EXP38_Multiplatform",-27.9471272557507,26.8154674807605,-2.75990772101247,17,-23.3117428761914,-2.78494455280691,-1.62981793162093,-6.37583727369287,46.2444403140551,-14.6838878610223,53.4893841871574,0.316621809352683,0.916618981727477,-0.244049733003574,"Multiplatform"
"EXP39_Multiplatform",9.65933267418211,43.5444844809886,-0.397928531402193,1,6.29004007114963,54.1277384237831,-16.1570873180428,6.26220068577604,51.3419567569962,-17.1210238599672,2.9479701801818,-0.00944357767278227,-0.944982987112551,-0.326983138569219,"Multiplatform"
"EXP39_Multiplatform",9.65933267418211,43.5444844809886,-0.397928531402193,2,5.83902427598577,60.0179534816077,-11.4181239644432,5.4390911145108,55.7109201181722,-13.4135087763003,4.76361663810007,-0.0839557823096538,-0.904151969112554,-0.418880225561752,"Multiplatform"
"EXP39_Multiplatform",9.65933267418211,43.5444844809886,-0.397928531402193,3,19.8293631272942,40.438000808847,-14.773924919042,13.0233270211239,38.6483879608461,-20.2883789644952,8.9405841556152,-0.761251836312691,-0.200167328761945,-0.616789009473145,"Multiplatform"
"EXP39_Multiplatform",9.65933267418211,43.5444844809886,-0.397928531402193,4,14.9267937486903,60.6944789659282,-11.114190083934,16.2100010777683,42.5771385907133,-13.5344943478193,18.3232779832259,0.0700315374930579,-0.988760875199319,-0.132089043570751,"Multiplatform"
"EXP39_Multiplatform",9.65933267418211,43.5444844809886,-0.397928531402193,5,18.8762800858156,57.5098086500424,-6.25125471054401,21.3571876626943,45.4210143317206,-6.82485825983226,12.3540629554596,0.200817138930173,-0.978527822134776,-0.0464303566653562,"Multiplatform"
"EXP39_Multiplatform",9.65933267418211,43.5444844809886,-0.397928531402193,6,32.3010200153751,48.2491514663523,7.82941924653296,31.7778538060398,45.531503899768,3.97644533819198,4.74391390279253,-0.110281556549193,-0.572870339190717,-0.812193051411178,"Multiplatform"
"EXP39_Multiplatform",9.65933267418211,43.5444844809886,-0.397928531402193,7,10.7655649842166,24.4516838487754,-20.5198284833224,20.9589579861566,25.9598707423989,-12.175751286904,13.2590917056141,0.768785164795556,0.113747376299158,0.629309863878938,"Multiplatform"
"EXP39_Multiplatform",9.65933267418211,43.5444844809886,-0.397928531402193,8,22.5112882430741,22.6095496029603,-4.55686452534428,19.3937157673048,22.9001705805425,-12.6346705844089,8.66340980342881,-0.35985513169831,0.0335457959598338,-0.932404935510218,"Multiplatform"
"EXP39_Multiplatform",9.65933267418211,43.5444844809886,-0.397928531402193,9,27.5389001848876,31.2053871237852,8.38572906391706,21.6698808254812,31.2962926410353,-11.2478312215848,20.4922019690074,-0.286402572465504,0.00443610293260091,-0.95809910107249,"Multiplatform"
"EXP39_Multiplatform",9.65933267418211,43.5444844809886,-0.397928531402193,10,8.29113281835766,25.5930126903894,13.1999293082768,0.524224069022044,22.5603866383563,4.27417218949394,12.214369915615,-0.635882882456862,-0.2482834622649,-0.730758703105277,"Multiplatform"
"EXP39_Multiplatform",9.65933267418211,43.5444844809886,-0.397928531402193,11,19.5602829465139,20.6729451115794,7.97312953819048,10.6016748309982,20.2705840188951,-18.9047356163627,28.3343993951281,-0.316174272501293,-0.0142004454399507,-0.948594843311719,"Multiplatform"
"EXP39_Multiplatform",9.65933267418211,43.5444844809886,-0.397928531402193,12,14.265431825365,19.0239921919363,9.97701735546484,1.41043402181189,22.1501803412397,-7.99808946531341,22.3187922185003,-0.575971928843779,0.140069772535093,-0.805379907873262,"Multiplatform"
"EXP39_Multiplatform",9.65933267418211,43.5444844809886,-0.397928531402193,13,-10.5910903257212,31.0986911421922,4.66655144893019,1.48699540733401,39.0611191932524,-19.8014959071605,28.4247384660481,0.424914577401717,0.280123177230668,-0.860801142825517,"Multiplatform"
"EXP39_Multiplatform",9.65933267418211,43.5444844809886,-0.397928531402193,14,-10.9415787110121,59.5870038797105,-2.80092548352418,-2.51645781641304,53.170008034689,-15.5750390600924,16.5933262316721,0.507741532768627,-0.386721490039363,-0.769834414042072,"Multiplatform"
"EXP39_Multiplatform",9.65933267418211,43.5444844809886,-0.397928531402193,15,-15.734091925414,41.323684797144,2.97424955086249,-15.3869338740146,41.4079680875026,-4.31036938427365,7.29337339067657,0.0475991057640358,0.0115561463596959,-0.998799669909726,"Multiplatform"
"EXP39_Multiplatform",9.65933267418211,43.5444844809886,-0.397928531402193,16,-15.0477251884245,35.6829813152952,6.52215951894212,-14.1834268598752,39.3191405221556,3.08379248621742,5.07848729742399,0.170188144211313,0.715992576904701,-0.677045512050169,"Multiplatform"
"EXP39_Multiplatform",9.65933267418211,43.5444844809886,-0.397928531402193,17,-15.4796215284191,47.7871205861712,-0.281958784576446,-8.16668472285897,51.8224585262063,-8.80269550718745,11.931720383434,0.612898774908724,0.338202523220186,-0.714124740506086,"Multiplatform"
"EXP39_Multiplatform",9.65933267418211,43.5444844809886,-0.397928531402193,18,-12.1617484461633,60.6551736374469,3.43867310573193,-13.9298727103314,44.109225904967,7.63889186152069,17.1620653586908,-0.103025144539071,-0.964100030309059,0.24473853630104,"Multiplatform"
"EXP39_Multiplatform",9.65933267418211,43.5444844809886,-0.397928531402193,19,-2.416338515101,61.4915855050429,-8.32369435365987,-3.3679131295018,60.073852458465,2.70133025958311,11.1564613099649,-0.0852935879902042,-0.127077305893725,0.988218782544913,"Multiplatform"
"EXP39_Multiplatform",9.65933267418211,43.5444844809886,-0.397928531402193,20,2.87397063136703,58.1532413390886,6.64488215990288,-8.31204514326004,55.598058393869,10.7859880922657,12.1985518458872,-0.916995387317104,-0.209466088885057,0.339475208588716,"Multiplatform"
"EXP39_Multiplatform",9.65933267418211,43.5444844809886,-0.397928531402193,21,17.4941571766795,58.1578799878748,-7.8157203184736,4.2230221842812,57.39202747691,6.66657084417303,19.6582377484525,-0.675092811584446,-0.0389583502226713,0.7367034292678,"Multiplatform"
"EXP39_Multiplatform",9.65933267418211,43.5444844809886,-0.397928531402193,22,23.9006982721364,59.8887700983529,-0.0400576077306081,17.1693880912184,56.5949814923933,5.72105909978924,9.45251531869399,-0.712118410176571,-0.348456309766096,0.609479753619255,"Multiplatform"
"EXP39_Multiplatform",9.65933267418211,43.5444844809886,-0.397928531402193,23,31.2642217601008,52.0484948615868,5.28227095386548,8.01665793688695,46.5132737947389,13.4340919755438,25.249556074172,-0.920711784196238,-0.219220530079339,0.322850072996606,"Multiplatform"
"EXP39_Multiplatform",9.65933267418211,43.5444844809886,-0.397928531402193,24,31.2131878651132,38.6684567464336,7.79262491631999,22.3298683471175,41.2156564433043,10.9035199149426,9.75085943119879,-0.91102938983745,0.26122822453175,0.319038031526641,"Multiplatform"
"EXP39_Multiplatform",9.65933267418211,43.5444844809886,-0.397928531402193,25,16.1141534626857,19.4753257623895,9.41878110064547,14.6063288271451,41.8676340495894,13.6696769598098,22.8420472192403,-0.0660109236737119,0.980310918381186,0.186099600371359,"Multiplatform"
"EXP40_Conical unidirectional",1.17584767579224,13.3381789448558,-5.27214104326817,1,18.7033300890678,6.10573219490686,-12.4053044267075,15.069575714181,25.1793692546146,-1.82220129412696,22.1135676329556,-0.164322394070484,0.862530975385559,0.478579635282761,"Conical unidirectional"
"EXP40_Conical unidirectional",1.17584767579224,13.3381789448558,-5.27214104326817,2,16.9561308919842,9.0821677726432,-17.1978000172575,14.5767453127415,37.3720748153832,-5.08000902337428,30.8678015866536,-0.0770830916663494,0.916485968828171,0.392570587181777,"Conical unidirectional"
"EXP40_Conical unidirectional",1.17584767579224,13.3381789448558,-5.27214104326817,3,17.3947127197354,27.7822255757506,-1.58464315847562,16.1713033541754,34.4355245279454,-0.39338946135155,6.86893025106003,-0.178107699575374,0.968607732065413,0.173426378429193,"Conical unidirectional"
"EXP40_Conical unidirectional",1.17584767579224,13.3381789448558,-5.27214104326817,4,11.0852393098048,36.4930989881977,-8.48376426074969,4.54097393620669,49.4651084563289,2.15318202239741,18.0068060785893,-0.363432878936787,0.720394800250304,0.590718100518381,"Conical unidirectional"
"EXP40_Conical unidirectional",1.17584767579224,13.3381789448558,-5.27214104326817,5,3.07775067810032,12.8196824125857,-25.9111336926797,0.87112964417674,35.3485318982635,-12.172976284469,26.4793354242219,-0.0833337014910531,0.850808720262275,0.518825612052325,"Conical unidirectional"
"EXP40_Conical unidirectional",1.17584767579224,13.3381789448558,-5.27214104326817,6,0.664140044986418,37.1557629387303,-12.8981412592165,-0.318196131565237,46.9967677335014,-4.72267330982252,12.8315484617422,-0.0765563236175691,0.766938208908496,0.637138064339583,"Conical unidirectional"
"EXP40_Conical unidirectional",1.17584767579224,13.3381789448558,-5.27214104326817,7,-7.37545059414688,10.1793986622918,-24.1196797231029,-6.3942450316134,18.3770785508124,-19.985429052905,9.23345810163421,0.10626631449812,0.887823369997182,0.447746729848286,"Conical unidirectional"
"EXP40_Conical unidirectional",1.17584767579224,13.3381789448558,-5.27214104326817,8,-12.1164490086521,25.1299964854245,-15.8275583940628,-10.413575411417,40.7676502054624,-7.2799259369582,17.9024582942602,0.0951195399673702,0.873491978755321,0.477455794986835,"Conical unidirectional"
"EXP40_Conical unidirectional",1.17584767579224,13.3381789448558,-5.27214104326817,9,-14.2162010836815,7.1566476493329,-11.5696764934636,-12.5388056689986,11.5678931004883,-9.47028814161858,5.16528539960774,0.32474399474815,0.854017756984036,0.406441888381315,"Conical unidirectional"
"EXP40_Conical unidirectional",1.17584767579224,13.3381789448558,-5.27214104326817,10,-13.5727920059935,15.2915299270118,-11.6459700939117,-14.7201461596351,25.2931885952208,-9.14239522043717,10.3738847504844,-0.110600241012706,0.964118930253396,0.241334363518703,"Conical unidirectional"
"EXP40_Conical unidirectional",1.17584767579224,13.3381789448558,-5.27214104326817,11,-15.75265787587,24.6749609957334,-5.27555591425408,-12.5223569018837,35.0950437078425,-3.50912762620996,11.0513907272585,0.29229814180931,0.942875242516562,0.159837646830022,"Conical unidirectional"
"EXP40_Conical unidirectional",1.17584767579224,13.3381789448558,-5.27214104326817,12,-17.6344124936303,17.0144215043733,6.1514800325981,-10.6345674709938,28.7355592749059,5.06621640076558,13.6952801405198,0.511113679370919,0.855852355721715,-0.079243624131615,"Conical unidirectional"
"EXP40_Conical unidirectional",1.17584767579224,13.3381789448558,-5.27214104326817,13,-12.0187071370144,31.8125901028587,5.07192553325571,6.60939303506581,48.4848059542195,7.92222560691282,25.1613415366771,0.74034606401755,0.662612358210637,0.113280926197926,"Conical unidirectional"
"EXP40_Conical unidirectional",1.17584767579224,13.3381789448558,-5.27214104326817,14,-14.6068846480262,3.52346385323169,3.87509189721294,-14.9672677397647,11.3239297782925,4.11797684751821,7.81256281382305,-0.0461286648602586,0.998451610687746,0.0310890236780594,"Conical unidirectional"
"EXP40_Conical unidirectional",1.17584767579224,13.3381789448558,-5.27214104326817,15,13.5181685721275,2.27116491627792,7.26042600776772,11.1123607799128,21.7289760053422,12.6451650991336,20.331988062973,-0.118326244573988,0.957004845212322,0.264840756087797,"Conical unidirectional"
"EXP40_Conical unidirectional",1.17584767579224,13.3381789448558,-5.27214104326817,16,14.6829878786106,20.7467154225473,9.00045592778703,8.21163909915865,45.6400601569494,10.3373985611895,25.755472868812,-0.251261113023023,0.966526410180812,0.0519090695873566,"Conical unidirectional"
"EXP40_Conical unidirectional",1.17584767579224,13.3381789448558,-5.27214104326817,17,13.172138240628,10.4219187652446,-19.9338528487429,4.98685176668338,6.63847515449076,-13.349959919704,11.165169336707,-0.733109031050191,-0.338861283394537,0.589681421793885,"Conical unidirectional"
"EXP40_Conical unidirectional",1.17584767579224,13.3381789448558,-5.27214104326817,18,6.35996965787041,4.47855499629948,-11.8833709638601,3.78983935332031,3.29805715815701,-9.07140556839312,3.98826958887307,-0.644422411092906,-0.295992487929091,0.70505900687159,"Conical unidirectional"
"EXP40_Conical unidirectional",1.17584767579224,13.3381789448558,-5.27214104326817,19,21.1263426738344,4.83708284877953,-9.24790160796376,10.276858169576,0.433362920746944,-3.0092282303436,13.2674454483643,-0.817752335706498,-0.331919203675755,0.470224158968698,"Conical unidirectional"
"EXP40_Conical unidirectional",1.17584767579224,13.3381789448558,-5.27214104326817,20,14.2271278347628,1.45175563873831,6.45410364299365,7.74114083998699,0.205687095925249,-0.082675458560022,9.29248056937965,-0.697982303686305,-0.13409428553653,-0.703448239977332,"Conical unidirectional"
"EXP40_Conical unidirectional",1.17584767579224,13.3381789448558,-5.27214104326817,21,20.5894270033686,4.9273623644004,1.79858196594354,18.2166088024811,2.52851490836412,-2.30747243109677,5.31454777410541,-0.446476031779938,-0.451373768380523,-0.77260654557414,"Conical unidirectional"
"EXP40_Conical unidirectional",1.17584767579224,13.3381789448558,-5.27214104326817,22,-6.22370988786819,1.20768189704177,14.1951539565068,1.49142932235973,2.03059788307864,-8.31937040100263,23.8139532794989,0.323975575146096,0.0345560426855004,-0.945434136586295,"Conical unidirectional"
"EXP40_Conical unidirectional",1.17584767579224,13.3381789448558,-5.27214104326817,23,-13.7620288636411,2.02601372036977,7.98949516352423,-3.80231998783186,0.72404296053228,3.63851628850414,10.9463211135621,0.909868144053391,-0.118941400159035,-0.397483211928561,"Conical unidirectional"
"EXP40_Conical unidirectional",1.17584767579224,13.3381789448558,-5.27214104326817,24,-16.0578277773435,3.52636504376694,-0.34374631157748,-6.70338097150325,1.03959708941597,-5.60631813013094,11.0174566959673,0.849056825361904,-0.225711615935935,-0.477657590474551,"Conical unidirectional"
"EXP41_Conical unidirectional",5.08451106214166,0.0200541689185947,1.66544885290821,1,11.167896050535,23.8764074639089,0.00442033092526373,4.4907399771571,18.6599841539118,-9.41267907019193,12.667961418786,-0.527090022825299,-0.411780801784049,-0.743379229680324,"Conical unidirectional"
"EXP41_Conical unidirectional",5.08451106214166,0.0200541689185947,1.66544885290821,2,16.4862287939614,21.6854510726624,-3.19848768844719,10.5720464052966,17.3575963989857,-12.2305921685713,11.6312849996351,-0.508471969249343,-0.372087406835307,-0.776535394017731,"Conical unidirectional"
"EXP41_Conical unidirectional",5.08451106214166,0.0200541689185947,1.66544885290821,3,-5.53431568430964,-12.1552354525747,-7.33043388363235,-8.16712766290485,0.851219163901689,-19.8049404707706,18.2129864436794,-0.144556851603483,0.714130802034947,-0.684923728775264,"Conical unidirectional"
"EXP41_Conical unidirectional",5.08451106214166,0.0200541689185947,1.66544885290821,4,22.7084059246282,-10.5828094517926,-4.76089761036278,12.1907725218514,16.7966833833289,-12.2437799595065,30.2696344304784,-0.347464830701313,0.904520102415019,-0.247207556018886,"Conical unidirectional"
"EXP41_Conical unidirectional",5.08451106214166,0.0200541689185947,1.66544885290821,5,2.22764312571424,-1.18981073722196,-16.3451988897012,-1.08549882191055,10.2989095786157,-23.7994005560153,14.090164177281,-0.235138633300447,0.815371643033238,-0.529035827583421,"Conical unidirectional"
"EXP41_Conical unidirectional",5.08451106214166,0.0200541689185947,1.66544885290821,6,3.58717572150201,-10.8667595464984,-5.86145038923281,4.05252139917383,-0.250927233384466,-15.5974433771258,14.4118701687249,0.0322890556342693,0.73660338240843,-0.675553753531654,"Conical unidirectional"
"EXP41_Conical unidirectional",5.08451106214166,0.0200541689185947,1.66544885290821,7,-12.5511079291471,0.0880477018609511,14.2608342790276,-14.4310322260661,5.33668293812951,10.4224426638958,6.76871755923236,-0.277737145990796,0.775425357955666,-0.567078118054484,"Conical unidirectional"
"EXP41_Conical unidirectional",5.08451106214166,0.0200541689185947,1.66544885290821,8,-12.9958441575969,4.8707198262094,13.043292855229,-13.714097475742,15.8973325085867,-2.05943109033552,18.7134803190673,-0.0383816001031798,0.589233669759562,-0.80705051588807,"Conical unidirectional"
"EXP41_Conical unidirectional",5.08451106214166,0.0200541689185947,1.66544885290821,9,1.37040310416704,0.442057440671565,17.9477481764661,1.30159031525739,6.48034567845854,14.7140308109296,6.85000642647044,-0.0100456531900085,0.881501105524989,-0.472075084928456,"Conical unidirectional"
"EXP41_Conical unidirectional",5.08451106214166,0.0200541689185947,1.66544885290821,10,10.9734006631465,1.33112744841467,15.9687801765867,6.634098832411,24.5348428332443,5.527471931432,25.8120682222239,-0.168111357578057,0.898948320803349,-0.404512654904766,"Conical unidirectional"
"EXP41_Conical unidirectional",5.08451106214166,0.0200541689185947,1.66544885290821,11,26.9032067959234,-5.1606903993058,3.24484287881752,26.8426524854941,-0.161949646035549,2.18014992094079,5.11122754702514,-0.0118473125823877,0.977992215623355,-0.208304746380624,"Conical unidirectional"
"EXP41_Conical unidirectional",5.08451106214166,0.0200541689185947,1.66544885290821,12,-3.32895966282417,-12.0978553393113,-6.98806400077738,18.3495220897662,-1.08016990206613,10.3960917293798,29.8923875584041,0.725217472516528,0.368578301606678,0.581557953381669,"Conical unidirectional"
"EXP42_Multiplatform",-17.0262348546626,9.45436925505743,-2.24686107982831,1,1.11993150942784,-5.34786699633162,0.409623918754831,-2.37394819778236,-0.231231400692663,-11.6632034657996,13.5698311074332,-0.257474074625463,0.377059637303531,-0.889681477166008,"Multiplatform"
"EXP42_Multiplatform",-17.0262348546626,9.45436925505743,-2.24686107982831,2,-2.25187871869697,10.0586363858853,-13.5215959405693,-2.2524149158293,0.776059904036704,-11.7755518971703,9.44536374261817,-5.67682883313745e-05,-0.98276537937496,0.184857258119212,"Multiplatform"
"EXP42_Multiplatform",-17.0262348546626,9.45436925505743,-2.24686107982831,3,-3.04427939128086,23.4639294280758,0.0892015261980452,2.31865368514783,17.4617996923796,0.383193168947549,8.05438040027833,0.665840550099096,-0.745200678066901,0.0365008390638396,"Multiplatform"
"EXP42_Multiplatform",-17.0262348546626,9.45436925505743,-2.24686107982831,4,-22.5302676188051,-5.14196639116169,3.87765205101035,-12.72982234928,-1.75486755575289,7.21535871015055,10.8931837285641,0.89968603428825,0.310937455918157,0.306403228138717,"Multiplatform"
"EXP42_Multiplatform",-17.0262348546626,9.45436925505743,-2.24686107982831,5,-21.5590267576507,9.67842179481095,9.88272059538626,1.01283049904634,17.9584874832432,6.90978524155148,24.2257419378549,0.931730277429667,0.341787909310381,-0.122718031153024,"Multiplatform"
"EXP42_Multiplatform",-17.0262348546626,9.45436925505743,-2.24686107982831,6,-20.9760728674004,17.0542927025274,4.63008118483273,-15.201876890214,20.6647573275111,4.43479343489309,6.81285045311363,0.847544800362889,0.529949196717446,-0.0286646171501367,"Multiplatform"
"EXP42_Multiplatform",-17.0262348546626,9.45436925505743,-2.24686107982831,7,-14.7685630379554,21.7255715506186,3.18368999793849,-3.03500503096643,23.1660364676005,1.34142185522905,11.9643334369313,0.980711384285731,0.120396587455137,-0.153980006694126,"Multiplatform"
"EXP42_Multiplatform",-17.0262348546626,9.45436925505743,-2.24686107982831,8,-27.370183792616,10.2948078973158,8.61083495642808,-16.7561406802942,16.1503692078491,8.49496508996462,12.1226620540867,0.875553823489094,0.483026028805225,-0.00955812064598478,"Multiplatform"
"EXP42_Multiplatform",-17.0262348546626,9.45436925505743,-2.24686107982831,9,-29.2091921019774,10.1484410166566,2.52121156015063,-24.2201448680822,14.9033256620736,2.02135148456507,6.91009264687699,0.721994260981434,0.688107220612433,-0.0723376807127862,"Multiplatform"
"EXP42_Multiplatform",-17.0262348546626,9.45436925505743,-2.24686107982831,10,-29.6015543262235,12.0106549101513,0.334931672185076,-21.6217059726375,18.4351354782522,-0.127320258817336,10.2550283843513,0.778140055249663,0.626471261445204,-0.0450756364270806,"Multiplatform"
"EXP42_Multiplatform",-17.0262348546626,9.45436925505743,-2.24686107982831,11,-15.0319449886765,12.0001791627715,-17.8285553258177,-26.7408896310313,16.2948320008602,-6.09374837191815,17.1245181503808,-0.68375323261837,0.250789704000706,0.685263483086008,"Multiplatform"
"EXP42_Multiplatform",-17.0262348546626,9.45436925505743,-2.24686107982831,12,-11.958243470129,17.2951323598178,-12.7028512138712,0.0483557932174694,14.9389285391767,-8.50232172945642,12.9365594446295,0.928113793681896,-0.182135275667848,0.32470221331983,"Multiplatform"
"EXP42_Multiplatform",-17.0262348546626,9.45436925505743,-2.24686107982831,13,-16.3500081071749,-10.5441152621579,1.79210520162043,-17.7239976356321,-7.20961940213458,-6.26828248053577,8.83043370687297,-0.1555970605824,0.377614052798791,-0.912796352899698,"Multiplatform"
"EXP42_Multiplatform",-17.0262348546626,9.45436925505743,-2.24686107982831,14,-12.5347362823932,8.96659402885901,-19.6160206409484,-11.1237905416222,3.51703159778276,-13.5839269086973,8.25073653489552,0.171008459039218,-0.660494055049263,0.731097606466888,"Multiplatform"
"EXP42_Multiplatform",-17.0262348546626,9.45436925505743,-2.24686107982831,15,-27.1906720220098,8.57674807641832,9.29131076686235,-23.7756558258541,-1.19646729441616,-3.52135302068698,16.4724748485921,0.207316522110072,-0.593305830524294,-0.777822634747834,"Multiplatform"
"EXP42_Multiplatform",-17.0262348546626,9.45436925505743,-2.24686107982831,16,-19.1630657010389,11.0304474166617,-16.9041175874137,-15.7611625261021,-3.91689619497442,-5.99595283788483,18.8144647667381,0.180813178430192,-0.794460209044129,0.579775448558777,"Multiplatform"
"EXP43_Biface",-60.8938731571396,-15.7649899490973,-3.46848412448756,1,-106.038493802038,-23.0577037954265,-6.91918645881596,-88.4333088859145,-23.2291064042148,11.691284269928,25.6187731074429,0.687198596212588,-0.00669050809222933,0.726438797466735,"Biface"
"EXP43_Biface",-60.8938731571396,-15.7649899490973,-3.46848412448756,2,-109.531184180531,-9.97701448117551,-6.24033809372614,-94.6221573046863,-9.29280881737293,5.28879573765898,18.8591661182839,0.79054539221596,0.0362797410824673,0.611327868850344,"Biface"
"EXP43_Biface",-60.8938731571396,-15.7649899490973,-3.46848412448756,3,-88.7117366722826,20.563588693101,-4.89448290990092,-86.9563688788723,12.6194403438446,3.57675426520661,11.745325383405,0.149452461818589,-0.676366817430248,0.721243294551597,"Biface"
"EXP43_Biface",-60.8938731571396,-15.7649899490973,-3.46848412448756,4,-61.848169773381,20.4295756127419,-1.97636801623581,-62.0100507700519,11.3201462209079,11.7025269814397,16.4353301658142,-0.00984957375590548,-0.554258983539117,0.832285987544553,"Biface"
"EXP43_Biface",-60.8938731571396,-15.7649899490973,-3.46848412448756,5,-10.9648257837357,6.22233189555455,-2.74177367300031,-15.7275766330077,-2.53327888484564,5.83053713295014,13.1464454642278,-0.362284304318739,-0.666005940862469,0.652063010437016,"Biface"
"EXP43_Biface",-60.8938731571396,-15.7649899490973,-3.46848412448756,6,-29.1643744873318,16.1998168210536,-3.53456834712366,-44.6149236840792,-8.00635437965737,15.4969885168214,34.450810605047,-0.448481441376707,-0.70262994616344,0.552426968471881,"Biface"
"EXP43_Biface",-60.8938731571396,-15.7649899490973,-3.46848412448756,7,-22.9682093943412,-53.1299080178097,-1.49105896232767,-24.5013101496645,-34.5138662260993,11.3017989741327,22.6398901079299,-0.0677167931476066,0.822267321217694,0.565058305295375,"Biface"
"EXP43_Biface",-60.8938731571396,-15.7649899490973,-3.46848412448756,8,-67.0246381406294,-46.1596837256916,-6.19836183945281,-68.6324297914349,-36.7252782849912,8.10863233793654,17.2128754833052,-0.0934063371552838,0.548101649248019,0.83117978697201,"Biface"
"EXP43_Biface",-60.8938731571396,-15.7649899490973,-3.46848412448756,9,-55.6232337806421,-48.3149299215235,-4.18589062740948,-59.1293219999243,-38.1448773145837,6.07246459090531,14.8646048186435,-0.235868242853307,0.684179144418581,0.690119605833621,"Biface"
"EXP43_Biface",-60.8938731571396,-15.7649899490973,-3.46848412448756,10,-52.857264543616,-49.0665433049423,-3.2841597551287,-55.9280438242646,-16.1265117606552,17.5022562049289,39.0710948399662,-0.0785946565671227,0.843079306561752,0.532015190390698,"Biface"
"EXP43_Biface",-60.8938731571396,-15.7649899490973,-3.46848412448756,11,-92.2254601583811,-32.9612548952946,5.86778073265023,-81.1520018725721,-38.2602073882296,-14.0779446519226,23.4207672172952,0.47280510425089,-0.226250166946793,-0.8516256192429,"Biface"
"EXP43_Biface",-60.8938731571396,-15.7649899490973,-3.46848412448756,12,-110.688891131514,-13.8773047879079,-7.03419918268893,-98.4775629387811,-6.56013263626399,-15.0486567919765,16.3367400450183,0.747476434042729,0.447896712041716,-0.490578756055524,"Biface"
"EXP43_Biface",-60.8938731571396,-15.7649899490973,-3.46848412448756,13,-108.372568321665,-18.9413393204007,-5.70366319602521,-93.2452838259136,-25.8522342537748,-16.8050828012985,19.9959176395553,0.756518643876938,-0.34561529297876,-0.555184303385645,"Biface"
"EXP43_Biface",-60.8938731571396,-15.7649899490973,-3.46848412448756,14,-9.40220885870261,-54.681061233441,-1.16151990484142,-7.54476118545873,-32.0032331561546,-9.34646830204762,24.1811368307349,0.0768139102080186,0.937831344987146,-0.338484846866376,"Biface"
"EXP43_Biface",-60.8938731571396,-15.7649899490973,-3.46848412448756,15,-56.0645640606469,-47.7328632672588,-5.65382276571896,-47.4568059649937,-11.1720935216318,-14.7386521559691,38.6434665742605,0.222748082890333,0.946104813743062,-0.235093540916987,"Biface"
"EXP43_Biface",-60.8938731571396,-15.7649899490973,-3.46848412448756,16,-99.1699415940569,15.3672312921884,-4.20465875376578,-83.2630193765682,-7.4394255910917,-18.0549997248689,31.0645411625654,0.512060427168244,-0.734170086850129,-0.445856930531252,"Biface"
"EXP43_Biface",-60.8938731571396,-15.7649899490973,-3.46848412448756,17,9.00146634209892,-11.50030187761,-0.732161338548266,-10.5059455390082,-30.7306469100402,-10.3737743921592,29.0397312425758,-0.671749050229049,-0.662208092485241,-0.332014541493937,"Biface"
"EXP43_Biface",-60.8938731571396,-15.7649899490973,-3.46848412448756,18,-22.3422075271689,11.3427757718357,-3.46638463598924,-38.5784367299697,-12.8671049134366,-14.0662634701436,31.0175900549956,-0.523452311221254,-0.780521008961276,-0.341737666123005,"Biface"
"EXP43_Biface",-60.8938731571396,-15.7649899490973,-3.46848412448756,19,-62.9870841170867,19.7397795091589,-2.34638063721463,-66.3431278495912,-4.26771944273646,-17.1887210678591,28.4239002411507,-0.118071190231868,-0.844623670510163,-0.52217817768571,"Biface"
"EXP44_Multiplatform",-27.0228993677929,11.3687252127293,-6.72169786094821,1,-8.79232457372473,-5.13887333843814,9.29369229479891,-19.5905474618863,-8.64675872516057,-12.9638906583064,24.9861336813673,-0.432168619037447,-0.140393284989839,-0.89079740134838,"Multiplatform"
"EXP44_Multiplatform",-27.0228993677929,11.3687252127293,-6.72169786094821,2,-12.6824599561538,-8.52252357105951,11.719605470454,-11.3106945643276,22.544450562252,12.1105497318893,31.0997019198835,0.0441086347181089,0.998947649509428,0.0125706755145881,"Multiplatform"
"EXP44_Multiplatform",-27.0228993677929,11.3687252127293,-6.72169786094821,3,-33.2984856354518,-13.6060353699207,-0.153965783515067,-19.8396067623974,-10.52998959209,12.8839746763549,18.9892435231626,0.708763298371393,0.161988853009265,0.686596095519372,"Multiplatform"
"EXP44_Multiplatform",-27.0228993677929,11.3687252127293,-6.72169786094821,4,-38.9080491193765,8.39144956472109,12.9323863325721,-26.5901719136171,17.3813717796113,20.0660415899365,16.8356121842024,0.731656031927235,0.53398249594546,0.423724137816516,"Multiplatform"
"EXP44_Multiplatform",-27.0228993677929,11.3687252127293,-6.72169786094821,5,-52.1315191972939,9.87355585643659,0.520129335252178,-37.838706839911,19.4381690964514,14.7845875150123,22.343703333972,0.639679651298081,0.428067500586284,0.638410650488365,"Multiplatform"
"EXP44_Multiplatform",-27.0228993677929,11.3687252127293,-6.72169786094821,6,-40.7628511824772,-6.99616598384894,-0.56459823371032,-20.4656613276671,6.14199519005741,19.3631847746937,31.3321517081701,0.64780708467965,0.419318829305952,0.636017059856368,"Multiplatform"
"EXP44_Multiplatform",-27.0228993677929,11.3687252127293,-6.72169786094821,7,-26.6379850517258,38.488658258291,-12.5736032065607,-30.6311090509484,34.7769027792263,-8.72918619731044,6.67096021203453,-0.598583093333245,-0.556404979356443,0.576291401395995,"Multiplatform"
"EXP44_Multiplatform",-27.0228993677929,11.3687252127293,-6.72169786094821,8,-12.4890136845004,15.4776633034464,-23.909808043676,-20.5785136457864,10.2840678332239,-21.1034778750009,10.014436207175,-0.807783862609272,-0.518610869626538,0.280228473237911,"Multiplatform"
"EXP44_Multiplatform",-27.0228993677929,11.3687252127293,-6.72169786094821,9,-32.7075951978832,18.545784316158,-11.7294846327641,-45.4387604310968,10.2019335249054,-5.36113012705162,16.5002531293463,-0.771573934861083,-0.505680169015876,0.3859549581325,"Multiplatform"
"EXP44_Multiplatform",-27.0228993677929,11.3687252127293,-6.72169786094821,10,-13.6736402210385,-0.800385778663635,-26.2531700080293,-24.1978080454771,-4.22501166830489,-20.6009560539531,12.4271353683624,-0.846869975459634,-0.275576453311986,0.454828388565386,"Multiplatform"
"EXP44_Multiplatform",-27.0228993677929,11.3687252127293,-6.72169786094821,11,-50.6426301297469,28.8169423047451,3.44355414924074,-48.23233816072,20.3193128183593,-5.19874354792122,12.3575290309277,0.195046433878042,-0.687647948478898,-0.699354836677506,"Multiplatform"
"EXP44_Multiplatform",-27.0228993677929,11.3687252127293,-6.72169786094821,12,-27.0615664149431,39.0639107838331,-11.6471726713263,-39.7091082405042,29.4735700309751,-5.5977427216957,16.9861871148512,-0.744578035084947,-0.56459643874246,0.356138190915228,"Multiplatform"
"EXP44_Multiplatform",-27.0228993677929,11.3687252127293,-6.72169786094821,13,-11.0924235041365,10.9800795063935,-26.3340862046193,-19.271903171642,4.94320948872017,-22.5080701973544,10.8621400160957,-0.753026535782551,-0.555771699566366,0.352234090298545,"Multiplatform"
"EXP44_Multiplatform",-27.0228993677929,11.3687252127293,-6.72169786094821,14,-17.440047280649,24.5880931261165,-18.8472488513916,-29.5283132603391,14.2440483788175,-13.9201989235519,16.6553672166446,-0.725788019108314,-0.621063745563146,0.295823554278399,"Multiplatform"
"EXP45_Conical unidirectional",4.66869440468644,-33.8923777749021,7.57872377332026,1,-4.20603136432265,-8.61553355160723,5.18041362672082,14.7603923581426,-8.9610558112294,0.90791254459246,19.4447648468367,0.975400004672762,-0.0177694234074722,-0.219725006487977,"Conical unidirectional"
"EXP45_Conical unidirectional",4.66869440468644,-33.8923777749021,7.57872377332026,2,34.8133660062745,-14.1025264537784,10.0248894752307,59.0036137445307,-20.2170356225618,-2.56829881372643,27.94894808923,0.865515498509148,-0.218774214659608,-0.450578256067171,"Conical unidirectional"
"EXP45_Conical unidirectional",4.66869440468644,-33.8923777749021,7.57872377332026,3,-3.378912427661,-14.4333955703568,15.0020024660448,33.8925138719517,-13.8838736264776,8.97896928519082,37.7589475683835,0.98708858958826,0.0145534232087365,-0.159512739859762,"Conical unidirectional"
"EXP45_Conical unidirectional",4.66869440468644,-33.8923777749021,7.57872377332026,4,-1.9782659599677,-23.7283018724872,23.8677657576566,4.40197144111147,-22.9547058601716,22.8606357057393,6.50539706904005,0.980760641259465,0.11891603296549,-0.1548145395629,"Conical unidirectional"
"EXP45_Conical unidirectional",4.66869440468644,-33.8923777749021,7.57872377332026,5,6.60903800225432,-22.3117971494319,23.6541553560795,32.4982227908777,-17.4833942852887,16.0331962469063,27.4160971143167,0.944305992230529,0.176115617186876,-0.277973888019003,"Conical unidirectional"
"EXP45_Conical unidirectional",4.66869440468644,-33.8923777749021,7.57872377332026,6,17.3238929950499,-44.575741515495,21.3248916975103,59.4087270568003,-32.9876813380816,7.34011133942851,45.8365626802906,0.918149869903891,0.252812591080181,-0.305100983588701,"Conical unidirectional"
"EXP45_Conical unidirectional",4.66869440468644,-33.8923777749021,7.57872377332026,7,0.186153314315819,-41.6391398489071,26.1030867795369,6.86954443414643,-41.376574726796,25.2844975401851,6.73845276356246,0.991828740860277,0.0389651944331931,-0.121480296452967,"Conical unidirectional"
"EXP45_Conical unidirectional",4.66869440468644,-33.8923777749021,7.57872377332026,8,1.38606137714416,-48.1937089317247,25.4092449975879,15.6294803674034,-43.9475348558496,21.6154128214276,15.3394309345418,0.928549373900527,0.276814315602375,-0.247325483738592,"Conical unidirectional"
"EXP45_Conical unidirectional",4.66869440468644,-33.8923777749021,7.57872377332026,9,17.6837990904915,-51.0630960468075,15.5723243262001,32.9496083579813,-44.6380940729493,10.8868891743596,17.2127535716272,0.886889433696037,0.373269851748123,-0.272207182444288,"Conical unidirectional"
"EXP45_Conical unidirectional",4.66869440468644,-33.8923777749021,7.57872377332026,10,0.937101247777436,-55.8092303092906,20.2142514240971,15.3041857072157,-50.296912665377,15.6591557890822,16.0482914329272,0.895240750050219,0.343483146910185,-0.283836796836137,"Conical unidirectional"
"EXP45_Conical unidirectional",4.66869440468644,-33.8923777749021,7.57872377332026,11,35.7125993985953,-45.8361463055165,4.70528053869598,62.2493386095682,-34.2000726360479,-0.253485086988878,29.3970422818854,0.902700991362146,0.39582463969985,-0.168682467376675,"Conical unidirectional"
"EXP45_Conical unidirectional",4.66869440468644,-33.8923777749021,7.57872377332026,12,-1.28780050721693,-61.2196781661751,8.52245001868951,34.6003100874055,-44.1743271195573,3.83643275976195,40.0057399894721,0.897074034977648,0.426072634854484,-0.117133622829142,"Conical unidirectional"
"EXP45_Conical unidirectional",4.66869440468644,-33.8923777749021,7.57872377332026,13,-2.85213005144827,-59.9945546536681,0.461586691215668,19.8502212277466,-53.3456968458705,0.671525473608138,23.6568835235038,0.959650972480778,0.281053833705175,0.00887432117522538,"Conical unidirectional"
"EXP45_Conical unidirectional",4.66869440468644,-33.8923777749021,7.57872377332026,14,-5.34470119684192,-53.4514129956639,-8.87163518800402,55.3136495534042,-40.2149123837871,-5.90169532222513,62.1567454665577,0.975893288732149,0.212953566222325,0.0477814570805805,"Conical unidirectional"
"EXP45_Conical unidirectional",4.66869440468644,-33.8923777749021,7.57872377332026,15,-7.16266027485596,-39.7318309734774,-15.8168913340786,46.0972077997849,-39.5213411129041,-12.1338648911822,53.3874754702695,0.997609787791901,0.00394268241229124,0.0689867129032417,"Conical unidirectional"
"EXP45_Conical unidirectional",4.66869440468644,-33.8923777749021,7.57872377332026,16,-6.6452294446877,-26.37416620604,-16.0104733666098,60.0540968970046,-32.6823675506636,-7.53798383131857,67.5305606193633,0.98769099101137,-0.0934125422144783,0.125461560774632,"Conical unidirectional"
"EXP45_Conical unidirectional",4.66869440468644,-33.8923777749021,7.57872377332026,17,13.329828511552,-7.55083831498661,-3.8512902823207,61.0802990106318,-21.5684579265448,-5.15280688693292,49.7824772176909,0.959182289990805,-0.281577382143145,-0.0261440707122888,"Conical unidirectional"
"EXP45_Conical unidirectional",4.66869440468644,-33.8923777749021,7.57872377332026,18,-2.90424648224512,-10.7322878669963,-2.98233236202089,10.1397014731152,-10.9615032564414,-4.56639245966668,13.1417793448931,0.992555696837897,-0.0174417317038679,-0.120536196512944,"Conical unidirectional"
"EXP45_Conical unidirectional",4.66869440468644,-33.8923777749021,7.57872377332026,19,-3.51666854516539,-14.5917909907299,-8.51396892914699,54.3863744622949,-20.8135778569963,-8.41327342339474,58.2364418634752,0.994275081970213,-0.106836658751444,0.00172908066719321,"Conical unidirectional"
"EXP46_Conical unidirectional",-13.9439160862344,21.6246030118143,-5.90438281537424,1,-25.9767764375266,42.2762583508582,-16.2650893593492,-12.7774481164114,56.9220981592871,3.89492443633394,28.1983873309253,0.468088056462698,0.519385723607205,0.714934991107579,"Conical unidirectional"
"EXP46_Conical unidirectional",-13.9439160862344,21.6246030118143,-5.90438281537424,2,-32.5785289353703,38.7848726043964,1.90064433979428,-25.2240928223285,51.9231594748984,6.4171062804565,15.7194383135616,0.467856164217834,0.835798748557525,0.287317005262569,"Conical unidirectional"
"EXP46_Conical unidirectional",-13.9439160862344,21.6246030118143,-5.90438281537424,3,-36.7955165702382,20.1419959359421,-7.02640631582699,-33.9761435965074,30.8766980974635,-0.502123647317847,12.8743527526701,0.218991434202084,0.833805191433414,0.506765877387973,"Conical unidirectional"
"EXP46_Conical unidirectional",-13.9439160862344,21.6246030118143,-5.90438281537424,4,-35.806280308465,12.825993974521,-8.27390327198324,-35.2884868945829,18.1533304491905,-5.22573716456145,6.15954061211048,0.0840636415098917,0.864891849920628,0.494869065629455,"Conical unidirectional"
"EXP46_Conical unidirectional",-13.9439160862344,21.6246030118143,-5.90438281537424,5,-32.8934316140117,36.0589030589425,-8.08858845945304,-28.9935244971845,43.7153757225099,-3.43679377382558,9.77087728738152,0.399135819857625,0.783601353120598,0.476087719537218,"Conical unidirectional"
"EXP46_Conical unidirectional",-13.9439160862344,21.6246030118143,-5.90438281537424,6,-35.1582300364882,18.098610352071,-17.3304873675631,-31.1577249496041,32.3873537710146,-11.2788032758743,16.0248279175843,0.249644183853874,0.891662830479717,0.377644248213624,"Conical unidirectional"
"EXP46_Conical unidirectional",-13.9439160862344,21.6246030118143,-5.90438281537424,7,-33.5059408185666,7.02047884196764,2.31660406243865,-30.1979630857865,21.1181376076108,8.28723236371076,15.6631766147559,0.21119456251701,0.900051063228267,0.381188851286229,"Conical unidirectional"
"EXP46_Conical unidirectional",-13.9439160862344,21.6246030118143,-5.90438281537424,8,-27.2520912843566,18.881474643143,12.2028961282117,-8.21257349636778,56.7321547364302,5.31460449252754,42.9258172057533,0.443544678409454,0.881769586630353,-0.160469668001123,"Conical unidirectional"
"EXP46_Conical unidirectional",-13.9439160862344,21.6246030118143,-5.90438281537424,9,-17.5183296126183,1.80472942082216,9.04872483762757,-15.6457423998984,12.9096671267748,18.598803415029,14.7658465777236,0.126818818200704,0.752069151436668,0.646768102806181,"Conical unidirectional"
"EXP46_Conical unidirectional",-13.9439160862344,21.6246030118143,-5.90438281537424,10,-10.8836988100035,13.2020098611104,18.0848695636488,-5.25742867302962,55.2639746078058,8.84894731738914,43.4300132828141,0.129547971821604,0.968499928213008,-0.212662201738596,"Conical unidirectional"
"EXP46_Conical unidirectional",-13.9439160862344,21.6246030118143,-5.90438281537424,11,7.9417535329527,23.5059814689347,8.50601151129622,-3.84333601405997,54.8537334063923,7.95795709139982,33.4943316220917,-0.35185325326031,0.935912150484045,-0.0163626020689102,"Conical unidirectional"
"EXP46_Conical unidirectional",-13.9439160862344,21.6246030118143,-5.90438281537424,12,12.0437294994072,22.0108706475297,-3.51512655984415,11.9736016378058,41.0715781011797,3.17888972001927,20.2021122783158,-0.00347131332779745,0.943500718690147,0.331352295623489,"Conical unidirectional"
"EXP46_Conical unidirectional",-13.9439160862344,21.6246030118143,-5.90438281537424,13,7.42885863878507,3.62396651361036,-4.22669143189564,7.10594138825191,14.6381926378224,0.717778373474879,12.0774680426896,-0.026737164560632,0.911964832801102,0.409396223438022,"Conical unidirectional"
"EXP46_Conical unidirectional",-13.9439160862344,21.6246030118143,-5.90438281537424,14,7.74456768873401,7.62989080383381,-15.6384879762824,8.02431334993599,20.6056128089586,-8.15262615316445,14.9828484082318,0.0186710599733681,0.866038396143397,0.499628750098354,"Conical unidirectional"
"EXP46_Conical unidirectional",-13.9439160862344,21.6246030118143,-5.90438281537424,15,5.38812764829546,33.4388722640596,-11.2095399227216,5.69634814447864,36.8749183098219,-9.26122225717613,3.96198864571101,0.0777943915909092,0.867252875517947,0.491752460637314,"Conical unidirectional"
"EXP46_Conical unidirectional",-13.9439160862344,21.6246030118143,-5.90438281537424,16,9.17242451005199,36.2729129989954,-7.75672117371644,7.124888377115,47.552599413322,2.91171628645607,15.6601177410273,-0.130748450733083,0.720281073288191,0.681248866489853,"Conical unidirectional"
"EXP46_Conical unidirectional",-13.9439160862344,21.6246030118143,-5.90438281537424,17,-0.249048602476958,13.4099344490746,-26.2070204199274,0.339137872844188,32.3233020300483,-12.7501988411824,23.2195495990976,0.0253315195805523,0.814544980739364,0.579547054576286,"Conical unidirectional"
"EXP46_Conical unidirectional",-13.9439160862344,21.6246030118143,-5.90438281537424,18,-6.86671674081341,43.4208852514355,-13.2286573349945,-4.68609966860721,55.4876109474703,8.07020025251017,24.5764581331759,0.0887278817960581,0.49098717279142,0.866636578472357,"Conical unidirectional"
"EXP46_Conical unidirectional",-13.9439160862344,21.6246030118143,-5.90438281537424,19,-19.1692773857451,18.4588157832241,-25.47630434157,-10.6762156984578,46.9696372873125,-11.7625270417412,32.7576972251004,0.259269191876512,0.870354875929498,0.418642898052085,"Conical unidirectional"
"EXP47_Conical bidirectional",24.840994332355,31.3365517644692,-2.89283829698584,1,60.6743408008656,41.0846812384186,-5.6810122748331,25.3764625398136,16.6300150310949,-11.3233132901647,43.3105814991127,-0.814994327928272,-0.564634908164989,-0.130275346578924,"Conical bidirectional"
"EXP47_Conical bidirectional",24.840994332355,31.3365517644692,-2.89283829698584,2,-2.03563377155595,7.0309499959679,-15.6829730396351,23.1037682893751,18.1995124919522,-16.1976204709052,27.5134728121763,0.913712428545385,0.405930671574168,-0.0187052879432353,"Conical bidirectional"
"EXP47_Conical bidirectional",24.840994332355,31.3365517644692,-2.89283829698584,3,-5.87899680086678,-1.49777165402279,-1.47688709939568,20.2056589678166,12.2468538116904,2.49307353293387,29.7503711436628,0.876784213639625,0.461998453711424,0.133442390118726,"Conical bidirectional"
"EXP47_Conical bidirectional",24.840994332355,31.3365517644692,-2.89283829698584,4,22.0885472228482,10.9253959023211,10.1263416061002,60.2384588338333,28.9864957748236,7.64919714666784,42.281855791857,0.902276186712042,0.427159582621275,-0.0585864648805087,"Conical bidirectional"
"EXP47_Conical bidirectional",24.840994332355,31.3365517644692,-2.89283829698584,5,58.0721328321826,28.2886732052975,10.3651991873393,22.4040192944975,74.6441995848754,11.0647755884563,58.4939189694615,-0.609774728144077,0.792484538500133,0.0119598141728583,"Conical bidirectional"
"EXP47_Conical bidirectional",24.840994332355,31.3365517644692,-2.89283829698584,6,59.5634388049589,36.5185859623772,-0.277063728546656,28.6246674575395,72.2588415003464,7.09157112066398,47.8421385177152,-0.646684540156233,0.747045526084399,0.154019763277976,"Conical bidirectional"
"EXP47_Conical bidirectional",24.840994332355,31.3365517644692,-2.89283829698584,7,59.4686550589333,40.6016407495051,-11.2631679409531,28.0336028856285,73.1615004941396,5.88860460442646,48.3992796762214,-0.649494215277522,0.672734387008474,0.354380739963909,"Conical bidirectional"
"EXP47_Conical bidirectional",24.840994332355,31.3365517644692,-2.89283829698584,8,54.3807751574741,36.1885085435118,-24.1916330414996,5.90044380378732,82.684289844615,2.71539449546354,72.3615114397024,-0.669974001221417,0.64254850922852,0.371841701501555,"Conical bidirectional"
"EXP47_Conical bidirectional",24.840994332355,31.3365517644692,-2.89283829698584,9,7.67226189137637,14.7285986629354,-24.6520079004959,-6.71595773390714,66.0317530001522,-3.32991587765993,57.3904706128462,-0.250707468881826,0.893931584623269,0.371526697640693,"Conical bidirectional"
"EXP47_Conical bidirectional",24.840994332355,31.3365517644692,-2.89283829698584,10,-1.16325050284647,2.85180074965846,-10.132875134128,-7.35405928460851,40.3599725010474,2.55362777131514,40.0766318129886,-0.15447427844362,0.935911279331432,0.31655611590921,"Conical bidirectional"
"EXP47_Conical bidirectional",24.840994332355,31.3365517644692,-2.89283829698584,11,-0.00665637127464711,50.9931716251141,14.2396186024534,11.4817767743874,57.3714811412872,14.4506773120352,13.1419737560741,0.874178670487158,0.485338780502827,0.0160598943126231,"Conical bidirectional"
"EXP47_Conical bidirectional",24.840994332355,31.3365517644692,-2.89283829698584,12,0.872560821866533,61.0536953745856,13.0605763279496,6.05095955067688,64.3066026041387,13.572621088024,6.13672621802072,0.843837340112027,0.530072079800594,0.0834394010556811,"Conical bidirectional"
"EXP47_Conical bidirectional",24.840994332355,31.3365517644692,-2.89283829698584,13,9.22475117665303,78.6072425824303,7.95898657482874,18.5345587884493,61.5923974189371,14.6351483885016,20.5121576209976,0.453867788255789,-0.829500507839098,0.325473406407463,"Conical bidirectional"
"EXP48_Multiplatform",-16.533430897576,16.524828834731,4.4540596318701,1,-26.4020061695705,39.4997903669211,6.3493950830905,-35.6316426842547,36.2827980002444,6.75023511990184,9.78242826784624,-0.943491356335412,-0.328854173891622,0.0409755150598811,"Multiplatform"
"EXP48_Multiplatform",-16.533430897576,16.524828834731,4.4540596318701,2,-49.3893405622154,17.6767847270658,13.5061977199463,-39.8930723604241,39.3323252434943,-4.15603646216193,29.5143365353629,0.321751030737661,0.73372953820194,-0.598428975726627,"Multiplatform"
"EXP48_Multiplatform",-16.533430897576,16.524828834731,4.4540596318701,3,-49.6077884688465,10.7839923154644,8.76956824848216,-48.4681434897342,26.5139902892535,-2.79412525411361,19.5563451175264,0.0582749471981331,0.804342420797831,-0.591301361941726,"Multiplatform"
"EXP48_Multiplatform",-16.533430897576,16.524828834731,4.4540596318701,4,-44.7310975832649,-1.55404653409325,2.78323724809974,-40.1820967645313,28.4344787157928,-17.2111986501318,36.3288111834173,0.12521744231504,0.82547499554774,-0.550374076302235,"Multiplatform"
"EXP48_Multiplatform",-16.533430897576,16.524828834731,4.4540596318701,5,-38.9294671219222,-5.69276345890026,-0.815654190875305,-32.6668048999387,27.381378611216,-22.8025436417387,40.206257218316,0.155763372551141,0.822611811154841,-0.546852429746861,"Multiplatform"
"EXP48_Multiplatform",-16.533430897576,16.524828834731,4.4540596318701,6,-23.7343704942714,-11.3456564560677,-5.18471060748399,-25.5012332794267,20.8749281160101,-27.2291730212199,39.0799974076073,-0.045211435577306,0.824477653772968,-0.564085564894246,"Multiplatform"
"EXP48_Multiplatform",-16.533430897576,16.524828834731,4.4540596318701,7,-17.8273774335064,-10.5500754128876,-3.96459420061155,-19.2067393490132,10.7960057899632,-24.9103648615353,29.9379880852516,-0.0460739683501414,0.713009877018641,-0.69963855290738,"Multiplatform"
"EXP48_Multiplatform",-16.533430897576,16.524828834731,4.4540596318701,8,-14.1812022500741,-8.71429581737678,-2.32793465592531,-10.470024033453,31.1236782933805,-27.0922673802297,47.054321802412,0.078870081949218,0.84663794067722,-0.52629241641806,"Multiplatform"
"EXP48_Multiplatform",-16.533430897576,16.524828834731,4.4540596318701,9,7.98673342236466,23.7206797917714,-5.92650024632732,7.78339020672792,35.346348319389,-15.407132824281,15.0026634720486,-0.0135538076965858,0.774906972303776,-0.631929963343976,"Multiplatform"
"EXP48_Multiplatform",-16.533430897576,16.524828834731,4.4540596318701,10,8.8240737431898,27.2763128309915,-0.025853292998677,9.76644827869148,36.5699900713043,-10.2681692813047,13.8623786997968,0.0679807236484957,0.670424422934648,-0.738857032412206,"Multiplatform"
"EXP48_Multiplatform",-16.533430897576,16.524828834731,4.4540596318701,11,5.80602013188342,50.1768013116991,3.82676598367751,5.88963048231116,48.1446218808334,-12.6545401575105,16.6063299994157,0.00503484818323367,-0.122373783426991,-0.992471313153955,"Multiplatform"
"EXP48_Multiplatform",-16.533430897576,16.524828834731,4.4540596318701,12,3.71438583976102,42.3592571134026,15.2982137684919,9.11315611059344,43.3957633169973,-11.9114067261199,27.7594040463427,0.194484372280452,0.0373389213206557,-0.980194691830806,"Multiplatform"
"EXP48_Multiplatform",-16.533430897576,16.524828834731,4.4540596318701,13,0.110829040384809,20.7621418330683,16.4834427385991,6.90534760602075,29.6249932953253,3.32658194026703,17.2574217265352,0.393715740004698,0.513567530694887,-0.762388554143168,"Multiplatform"
"EXP48_Multiplatform",-16.533430897576,16.524828834731,4.4540596318701,14,-4.2258300166318,-4.53606225417116,2.43947235070061,-28.8055854891286,18.145610222216,16.0100553346464,36.0940904849809,-0.680991130188601,0.628404045416387,0.375977973169669,"Multiplatform"
"EXP48_Multiplatform",-16.533430897576,16.524828834731,4.4540596318701,15,-48.0869042930332,2.31878177450982,4.70612490419751,-33.326412588677,27.2779779965293,17.2700476949285,31.6019896097554,0.467074759742334,0.78979825416798,0.397567461602245,"Multiplatform"
"EXP48_Multiplatform",-16.533430897576,16.524828834731,4.4540596318701,16,4.30415842338275,39.7411573699072,15.1581034166659,-30.5931014655636,24.7213788509504,15.4538116675827,37.9934196655794,-0.918507999440805,-0.395325786706274,0.00778314385806025,"Multiplatform"
"EXP48_Multiplatform",-16.533430897576,16.524828834731,4.4540596318701,17,5.30085853357759,48.9992906891228,4.64373947406277,-24.6490431688849,37.4037686787399,2.69143225591611,32.1755224690209,-0.930828760630034,-0.36038333243997,-0.0606767837267093,"Multiplatform"
"EXP49_Levallois preferential",-15.9730479807445,37.1022767825134,1.4743188768682,1,-10.7930447636924,99.6596086542319,-1.10708301348523,-10.4212335940311,98.3797731722059,2.20407928676511,3.56931620699775,0.104168739360326,-0.358566013153124,0.927674128102942,"Levallois preferential"
"EXP49_Levallois preferential",-15.9730479807445,37.1022767825134,1.4743188768682,2,20.193263419312,74.7693050427482,0.328641978713432,7.59273624341524,69.5599763387915,-11.529166535663,18.0698094461452,-0.697324850793309,-0.288289077949743,-0.656222111789122,"Levallois preferential"
"EXP49_Levallois preferential",-15.9730479807445,37.1022767825134,1.4743188768682,3,22.1941738391344,61.0025835252484,1.96479440256098,0.282693000702857,50.1197640915137,-20.3510409486327,33.1141247624305,-0.66169590758114,-0.328645842576573,-0.673906845229744,"Levallois preferential"
"EXP49_Levallois preferential",-15.9730479807445,37.1022767825134,1.4743188768682,4,22.0043488316445,47.9770905724154,2.29681803261956,19.4238962347032,47.9342807671756,-3.08114136605088,5.96515008849179,-0.432588041987347,-0.007176651820121,-0.901563132341938,"Levallois preferential"
"EXP49_Levallois preferential",-15.9730479807445,37.1022767825134,1.4743188768682,5,6.57377789579412,29.6990436334642,-17.3931662272109,-4.55129153377094,32.005984650239,-27.5309480584713,15.2270734918354,-0.730611133881387,0.151502586364461,-0.665773488037361,"Levallois preferential"
"EXP49_Levallois preferential",-15.9730479807445,37.1022767825134,1.4743188768682,6,15.9239388096581,22.1186962727576,-0.432533458026054,5.47815279272198,25.9652927243974,-16.4559436188935,19.5105208274094,-0.535392474108703,0.197154985541744,-0.821270241968986,"Levallois preferential"
"EXP49_Levallois preferential",-15.9730479807445,37.1022767825134,1.4743188768682,7,14.3597928982018,16.0212263764498,0.750282698789114,-6.9870018392962,20.7594487723245,-29.5043926486044,37.3293688322455,-0.571849870632112,0.126930150283756,-0.810479156059537,"Levallois preferential"
"EXP49_Levallois preferential",-15.9730479807445,37.1022767825134,1.4743188768682,8,5.03556796484491,4.69993128425623,1.08542996794527,-8.55418668613495,11.7741820130646,-25.2230133217903,30.4443860699654,-0.446379658297222,0.232366345392899,-0.864147604398232,"Levallois preferential"
"EXP49_Levallois preferential",-15.9730479807445,37.1022767825134,1.4743188768682,9,-4.51956104608564,1.13109969285867,2.01925423944169,-14.0295051677834,4.66655498384276,-19.4591178234585,23.7541353828072,-0.400348990541701,0.148835359991381,-0.904195068217294,"Levallois preferential"
"EXP49_Levallois preferential",-15.9730479807445,37.1022767825134,1.4743188768682,10,-25.16773778716,-1.13241381028487,1.59997455690812,-24.0925805032194,0.987212837660258,-7.95646649734848,9.84755532786542,0.109180121171625,0.215243944042362,-0.970437914394341,"Levallois preferential"
"EXP49_Levallois preferential",-15.9730479807445,37.1022767825134,1.4743188768682,11,-13.5314780435338,-0.795354817006814,4.7951814710584,-16.4401129341575,3.8660858818225,-16.4231445634657,21.9181784376125,-0.132704225348964,0.212674639550798,-0.96806977344945,"Levallois preferential"
"EXP49_Levallois preferential",-15.9730479807445,37.1022767825134,1.4743188768682,12,-40.4924305908396,3.37282726724509,7.49766301712391,-35.2510926679545,3.69064920865034,-4.88566575650856,13.4506306738452,0.389672280057238,0.0236287761601583,-0.920650419590502,"Levallois preferential"
"EXP49_Levallois preferential",-15.9730479807445,37.1022767825134,1.4743188768682,13,-27.1484714308478,1.38152038735387,-8.1416956064288,-26.8709012046828,10.2859102377642,-20.7877467632549,15.4689305932765,0.0179437243247856,0.575630603338576,-0.81751295479486,"Levallois preferential"
"EXP49_Levallois preferential",-15.9730479807445,37.1022767825134,1.4743188768682,14,-47.4890692299346,10.817976014216,5.63030856490565,-31.4328570320682,22.7089103708499,-25.993093907769,37.4063611430657,0.429237480129577,0.317885354075353,-0.845401731318548,"Levallois preferential"
"EXP49_Levallois preferential",-15.9730479807445,37.1022767825134,1.4743188768682,15,-28.7042885349452,91.0879157375172,2.64698943535551,-18.4065205331792,90.5692575968951,-6.26878859889251,13.6309988643902,0.755466866677538,-0.0380498997749146,-0.654081048861334,"Levallois preferential"
"EXP49_Levallois preferential",-15.9730479807445,37.1022767825134,1.4743188768682,16,-39.559534930075,78.8298751295174,-0.464420110300373,-23.6570625437024,80.8376336505381,-10.055072067548,18.6788738215967,0.851361411734895,0.107488199781042,-0.51344915377922,"Levallois preferential"
"EXP49_Levallois preferential",-15.9730479807445,37.1022767825134,1.4743188768682,17,-56.8347529371727,32.1281529835369,-1.11142394051967,-47.0053221326386,27.6909824932204,-17.856780695645,19.9176596204896,0.493503302688352,-0.222775696284713,-0.840729135560645,"Levallois preferential"
"EXP49_Levallois preferential",-15.9730479807445,37.1022767825134,1.4743188768682,18,-49.1609692772079,56.3522319481858,-1.43368697264196,-11.6327908812574,44.0473454134584,-23.2202969250975,45.1046647207496,0.832024328931244,-0.272807404974828,-0.483023431996226,"Levallois preferential"
"EXP49_Levallois preferential",-15.9730479807445,37.1022767825134,1.4743188768682,19,15.6114347624856,87.7032108949455,3.4847074372647,6.49236667522653,84.7362465315129,9.96741220378364,11.5752210088531,-0.787809414635328,-0.256320320896106,0.560050193560951,"Levallois preferential"
"EXP49_Levallois preferential",-15.9730479807445,37.1022767825134,1.4743188768682,20,17.0364574284379,23.4339079980861,-0.0480114256151594,6.19096521109871,30.1621087187945,10.3506408118069,16.4628477102034,-0.658785916522654,0.408689969022699,0.631643590493589,"Levallois preferential"
"EXP49_Levallois preferential",-15.9730479807445,37.1022767825134,1.4743188768682,21,21.3799867645309,44.0966536202966,1.82887150388086,2.58411680675229,54.5229500258385,14.3019950973597,24.8509797872064,-0.756343215387227,0.419552729704022,0.501916773514908,"Levallois preferential"
"EXP49_Levallois preferential",-15.9730479807445,37.1022767825134,1.4743188768682,22,22.2445826772139,65.6971551238912,0.513987529318251,5.82760428444534,70.9490810846577,11.8658269000999,20.6388992668221,-0.795438660779723,0.254467347936968,0.550021550278612,"Levallois preferential"
"EXP49_Levallois preferential",-15.9730479807445,37.1022767825134,1.4743188768682,23,4.0992585652121,94.0167767714393,3.13863491187256,2.33593199143665,89.4797009942641,8.149187802657,6.98570093011152,-0.252419419528071,-0.649480391812704,0.717258431317421,"Levallois preferential"
"EXP49_Levallois preferential",-15.9730479807445,37.1022767825134,1.4743188768682,24,-20.6696271789467,95.3449712973165,0.248391227008129,3.03229978831872,74.6950256157643,12.595342679291,33.7734926943849,0.70179081511478,-0.611424642053245,0.365581124937536,"Levallois preferential"
"EXP49_Levallois preferential",-15.9730479807445,37.1022767825134,1.4743188768682,25,-29.7856907190026,-1.90207477847081,7.82045929247667,-31.3663674557776,10.0097560775458,12.0451908428407,12.7372920968772,-0.124098334618747,0.935193349215643,0.33168208110732,"Levallois preferential"
"EXP49_Levallois preferential",-15.9730479807445,37.1022767825134,1.4743188768682,26,-38.8824245296195,2.55798842910912,8.16130180413245,-34.7648536773575,9.01695418558195,11.0570603736,8.18889773164439,0.502823577384589,0.788746662632435,0.353620067604146,"Levallois preferential"
"EXP49_Levallois preferential",-15.9730479807445,37.1022767825134,1.4743188768682,27,-47.2603616709856,20.7802942310046,7.380130140712,-30.3165453226984,36.6972627755183,16.2678092958118,24.8884238322863,0.680791056214133,0.639533007464519,0.357100924308847,"Levallois preferential"
"EXP49_Levallois preferential",-15.9730479807445,37.1022767825134,1.4743188768682,28,-46.2043564597506,9.79286201126982,6.97610001696521,-34.4717074448148,25.3561557946622,14.4996782696663,20.8919935865482,0.561585899705145,0.744940578261196,0.360117775335012,"Levallois preferential"
"EXP49_Levallois preferential",-15.9730479807445,37.1022767825134,1.4743188768682,29,-57.1219259356094,23.5631971438481,-4.49280987133891,-48.1744956042581,17.3752875567584,6.53484595156671,15.4905108870188,0.577607181364779,-0.39946452587792,0.711897490233646,"Levallois preferential"
"EXP49_Levallois preferential",-15.9730479807445,37.1022767825134,1.4743188768682,30,-51.4029465009973,45.3692387483598,-3.91974664168686,-38.4852650632108,33.8206137910379,12.6389718988057,23.9672357988205,0.538972518408743,-0.481850516858114,0.690889791358727,"Levallois preferential"
"EXP49_Levallois preferential",-15.9730479807445,37.1022767825134,1.4743188768682,31,-39.3014330124061,77.6082474099832,-0.15668760103623,-13.6138198692446,41.4044581741153,17.7834719043724,47.8791932587358,0.536508896554449,-0.756148689478228,0.374696361495927,"Levallois preferential"
"EXP49_Levallois preferential",-15.9730479807445,37.1022767825134,1.4743188768682,32,-23.2601557169213,8.13323546693251,11.1621287942354,-17.3999618501375,29.2297461086263,17.5115497271948,22.7973634351714,0.257055772411942,0.92539256575374,0.278515581462529,"Levallois preferential"
"EXP49_Levallois preferential",-15.9730479807445,37.1022767825134,1.4743188768682,33,-16.4769069253046,-0.941846439779852,6.02373678165292,-20.8659972159833,9.10035833618346,11.2920233294807,12.159968482366,-0.360945860759727,0.825841349056636,0.433248371940086,"Levallois preferential"
"EXP50_Discoid",4.25273997991043,5.92592618865503,0.417177581044678,1,19.6262575794965,13.5784111552491,-0.320168793332427,8.47241342559505,7.63279604985838,11.3288126949047,17.1888727991181,-0.648899103754708,-0.345899069408191,0.677704793349497,"Discoid"
"EXP50_Discoid",4.25273997991043,5.92592618865503,0.417177581044678,2,14.1888612872036,17.5902798560896,-0.853822547485154,-0.792446882285492,16.107495792243,8.73788113824055,17.8504628131587,-0.839267212637501,-0.0830669814764434,0.537336414530108,"Discoid"
"EXP50_Discoid",4.25273997991043,5.92592618865503,0.417177581044678,3,-11.8327343598263,12.211469982917,2.91715729849067,-1.22159588008432,17.0155588300272,7.85102640581332,12.6498456059899,0.838835414300823,0.37977450450742,0.390033938832136,"Discoid"
"EXP50_Discoid",4.25273997991043,5.92592618865503,0.417177581044678,4,-7.67827422819883,-7.34266464359169,1.55061255726193,-10.0127481402849,10.2671449469218,6.66997248128681,18.4868333765429,-0.12627765202061,0.952559545046676,0.27691924407782,"Discoid"
"EXP50_Discoid",4.25273997991043,5.92592618865503,0.417177581044678,5,18.4012903966009,-3.34483463185303,0.388128775053077,10.9908313000079,5.85401497561902,10.6406146206043,15.6412021320739,-0.473778104394998,0.588116535404196,0.655479403627641,"Discoid"
"EXP50_Discoid",4.25273997991043,5.92592618865503,0.417177581044678,6,22.0750711838142,3.50341989090246,0.529100452030069,18.0627559163874,8.88522537269918,-4.12129692782839,8.16631494859938,-0.491325070448691,0.659024972177905,-0.569460939129718,"Discoid"
"EXP50_Discoid",4.25273997991043,5.92592618865503,0.417177581044678,7,15.9836361237289,16.7013446562116,-1.55727518295483,5.94235458149961,2.14882380814333,-6.24408561868092,18.2912380692015,-0.548966751416166,-0.795600647316027,-0.25623254248807,"Discoid"
"EXP50_Discoid",4.25273997991043,5.92592618865503,0.417177581044678,8,-11.8669136231909,10.5728325548671,-1.94481246650149,-11.4175005709359,17.2044040537218,-3.83300006072844,6.90977315307469,0.065040203534761,0.959737946809992,-0.273263326074134,"Discoid"
"EXP50_Discoid",4.25273997991043,5.92592618865503,0.417177581044678,9,-12.6254277371012,-1.43335670330238,3.17026208193877,-10.3328996457236,9.25659500905365,-1.89733961164713,12.0503667822641,0.190245503128732,0.887105920135946,-0.420535057990474,"Discoid"
"EXP50_Discoid",4.25273997991043,5.92592618865503,0.417177581044678,10,-7.17588274507534,-8.08544485756961,0.494471670923059,-4.86340743641022,5.01963349683051,-6.54028979553658,15.0525243603237,0.153627076316878,0.870623294850348,-0.467347622103989,"Discoid"
"EXP50_Discoid",4.25273997991043,5.92592618865503,0.417177581044678,11,18.1240430880203,-3.80747432478046,0.278251465625339,-2.72812850921424,0.966446106297335,-6.70253860366801,22.5018845120653,-0.926685566537943,0.212156471984294,-0.310231352647389,"Discoid"
"EXP50_Discoid",4.25273997991043,5.92592618865503,0.417177581044678,12,-6.1870472065466,20.9671313287205,0.354225661487118,6.51515687900238,5.81313874441548,-6.41334380270756,20.899508997314,0.607775239465265,-0.725088449984763,-0.323814758761291,"Discoid"
"EXP51_Multiplatform",-0.589909015874364,13.5928026810532,-1.37611449839886,1,3.33269293841162,15.4334552618652,15.5886512779231,13.4193396970584,25.1688399084905,3.26470089239927,18.6654201709022,0.540392161885059,0.521573292081684,-0.660255717400665,"Multiplatform"
"EXP51_Multiplatform",-0.589909015874364,13.5928026810532,-1.37611449839886,2,15.790934987684,18.9476732348805,-6.92782478923935,14.0659009873089,20.5111294298097,5.46556751484568,12.6101669449245,-0.136797078730937,0.123983782431876,0.982809534418835,"Multiplatform"
"EXP51_Multiplatform",-0.589909015874364,13.5928026810532,-1.37611449839886,3,10.8660298811265,6.10201920607124,-5.43078439799653,7.48812353208686,9.79678584085759,13.6772833782099,19.7529695470962,-0.171007520716609,0.187048667592843,0.967351654678949,"Multiplatform"
"EXP51_Multiplatform",-0.589909015874364,13.5928026810532,-1.37611449839886,4,7.91994164259786,0.756400292680349,-2.16634870976446,1.97531471985837,1.91985473442293,-5.09194352540204,6.72691017584264,-0.88370838428727,0.172955251568652,-0.434909154301456,"Multiplatform"
"EXP51_Multiplatform",-0.589909015874364,13.5928026810532,-1.37611449839886,5,-10.9590659741443,2.82548570797627,-1.10856278354587,5.54682138398014,-0.551957872566104,2.33387515383423,17.1959827160751,0.959868803699976,-0.196408872717991,0.200188497175102,"Multiplatform"
"EXP51_Multiplatform",-0.589909015874364,13.5928026810532,-1.37611449839886,6,-1.4735724640973,2.3758994029056,-5.17516891338872,3.59623809939185,19.3933824268816,-9.09947169352206,18.1850999428416,0.278789260406833,0.935792658685646,-0.21579770210051,"Multiplatform"
"EXP51_Multiplatform",-0.589909015874364,13.5928026810532,-1.37611449839886,7,16.331950870081,23.1299671154665,-5.82781513802151,-4.09367677500527,25.6232627142439,-6.97362798659146,20.6091163013493,-0.991096723722644,0.120980228473656,-0.0555973789373459,"Multiplatform"
"EXP51_Multiplatform",-0.589909015874364,13.5928026810532,-1.37611449839886,8,-13.7307701739723,21.4066154903565,-3.93652843958303,4.36325870365566,20.6285631500742,-9.19755542226118,18.8594181082323,0.959416073910029,-0.0412553736184845,-0.278960196570522,"Multiplatform"
"EXP51_Multiplatform",-0.589909015874364,13.5928026810532,-1.37611449839886,9,-2.65055614927377,28.3336212685205,5.83702522467426,14.7178138826803,25.1621322513872,-5.13014972068026,20.7845506671347,0.835638465806123,-0.152588769799495,-0.527659949016662,"Multiplatform"
"EXP51_Multiplatform",-0.589909015874364,13.5928026810532,-1.37611449839886,10,-11.1403558540691,25.2932441722667,-3.40596204662593,0.265530714267856,25.8668013590496,14.0791783117436,20.8842847521328,0.546146861322229,0.0274635781684731,0.837239128171911,"Multiplatform"
"EXP51_Multiplatform",-0.589909015874364,13.5928026810532,-1.37611449839886,11,-12.2813577832623,24.4102497232355,-0.419036440027617,-7.55848170996178,9.49906214440577,5.16653394485158,16.6086624969996,0.284362216051639,-0.897795808754829,0.336304647402417,"Multiplatform"
"EXP51_Multiplatform",-0.589909015874364,13.5928026810532,-1.37611449839886,12,-9.67451120216073,7.69171312340656,-8.0262396899421,-10.9134514404991,12.995746954678,-0.0927230239181314,9.62332762029465,-0.128743433375954,0.551164216843844,0.824404715193626,"Multiplatform"
"EXP51_Multiplatform",-0.589909015874364,13.5928026810532,-1.37611449839886,13,-0.000177925287729863,9.0854059758394e-05,3.10910636635248,-0.000177925287733416,18.8234441436093,15.1653761165191,22.3533502936804,-1.58934281981208e-16,0.84208197170655,0.539349564685843,"Multiplatform"
"EXP52_Conical unidirectional",6.83634099924681,8.56844441015038,7.06939748919218,1,8.82596392951709,18.2021449863435,17.0020458562445,3.98186939096464,19.1873051145228,11.7092078325492,7.24223216430285,-0.66886761272707,0.136029901531627,-0.730829653567838,"Conical unidirectional"
"EXP52_Conical unidirectional",6.83634099924681,8.56844441015038,7.06939748919218,2,-3.39512205369753,11.4328549502705,-8.94471519366259,-3.94171885133176,13.6890261701814,4.10011244988835,13.2497775408755,-0.0412532811172103,0.170279932093244,0.984531823519882,"Conical unidirectional"
"EXP52_Conical unidirectional",6.83634099924681,8.56844441015038,7.06939748919218,3,18.9518209697639,15.6841628313264,26.3401770167273,12.7742274987936,17.083325081529,16.0928492544865,12.0469100752748,-0.5127948521546,0.116142831768482,-0.850618764331319,"Conical unidirectional"
"EXP52_Conical unidirectional",6.83634099924681,8.56844441015038,7.06939748919218,4,-0.498241517155026,24.3533214247697,-9.24191183105222,22.9197475719358,15.5168218321945,-17.175734013635,26.257027106114,0.891875115733798,-0.33653846480273,-0.302159957047664,"Conical unidirectional"
"EXP52_Conical unidirectional",6.83634099924681,8.56844441015038,7.06939748919218,5,-3.89473541829593,8.15947426708314,-8.89262644961108,31.0006954237688,1.40667235681111,-11.8829089526715,35.6683783867561,0.97832961352181,-0.189321808719496,-0.0838356728931288,"Conical unidirectional"
"EXP52_Conical unidirectional",6.83634099924681,8.56844441015038,7.06939748919218,6,-7.0602236447283,6.6025906929833,-6.10247405111988,1.51145652100734,-1.88310178063125,-8.51714299936375,12.3008659756148,0.696835505949591,-0.68984512882561,-0.19630072817887,"Conical unidirectional"
"EXP52_Conical unidirectional",6.83634099924681,8.56844441015038,7.06939748919218,7,-2.89125437783651,-5.49877117579425,-4.73023619512356,28.4106118278724,-10.5601757316729,-7.58442471183362,31.8366304141517,0.983202864075556,-0.158980535629449,-0.0896510868009873,"Conical unidirectional"
"EXP52_Conical unidirectional",6.83634099924681,8.56844441015038,7.06939748919218,8,-0.0155973917732687,-7.66653413983122,1.49739549195596,3.33901838015731,-9.04237066479025,-0.333187056116902,4.06169983947677,0.825914248838909,-0.338734170257215,-0.450693704709769,"Conical unidirectional"
"EXP52_Conical unidirectional",6.83634099924681,8.56844441015038,7.06939748919218,9,-6.6724439405215,-4.25179435906359,4.33381973191904,-2.06910924303111,-5.47660610138639,1.28375723775572,5.65630050117147,0.81384196199212,-0.21653936916349,-0.539232753551836,"Conical unidirectional"
"EXP52_Conical unidirectional",6.83634099924681,8.56844441015038,7.06939748919218,10,11.6586834838923,-8.74502882494078,6.74570011378438,14.7788192281176,-9.36249248933323,5.52110325306116,3.40824675024127,0.915466506057514,-0.18116753558079,-0.359304049988907,"Conical unidirectional"
"EXP52_Conical unidirectional",6.83634099924681,8.56844441015038,7.06939748919218,11,-1.41695639780406,-1.67117147133033,15.9103587447346,12.4331605753037,-7.33913540444208,7.47680359405462,17.1777882102261,0.806280576032636,-0.329958890151967,-0.490956987446113,"Conical unidirectional"
"EXP52_Conical unidirectional",6.83634099924681,8.56844441015038,7.06939748919218,12,9.61613387294404,7.1370727535231,24.5766135158221,34.4371387341293,-4.67064935987155,2.1729526153948,35.4602397844046,0.699967203044735,-0.332984835556236,-0.631796655539833,"Conical unidirectional"
"EXP52_Conical unidirectional",6.83634099924681,8.56844441015038,7.06939748919218,13,19.8440402678075,19.883445594939,25.4232010246872,30.6133556411271,9.64797034697833,15.9755887753276,17.6068306170043,0.611655533445002,-0.581335475453226,-0.536587899030234,"Conical unidirectional"
"EXP52_Conical unidirectional",6.83634099924681,8.56844441015038,7.06939748919218,14,37.72514008423,12.755759053879,6.43956378119179,39.5563442004825,4.25621185234924,-1.02696507473168,11.4605699815825,0.159782988035956,-0.741633899115732,-0.651497165317469,"Conical unidirectional"
"EXP52_Conical unidirectional",6.83634099924681,8.56844441015038,7.06939748919218,15,21.7679071223595,32.1491395680983,15.6840507813851,35.2361267053303,14.4523675629059,3.52923980355074,25.34379821664,0.531420723438684,-0.698268343754932,-0.479597054629874,"Conical unidirectional"
"EXP53_Levallois preferential",-2.83143438660514,58.1930829906136,6.08813286413418,1,-0.254544917333275,70.1644106273167,-29.9787039493288,-7.59914947686106,16.3290431927956,-22.3930253376943,54.8610291823325,-0.133876536204192,-0.981304365537828,0.138270803969485,"Levallois preferential"
"EXP53_Levallois preferential",-2.83143438660514,58.1930829906136,6.08813286413418,2,-28.9967150331969,58.3110265191196,-18.5870972611258,-22.2901804015682,53.2636702840166,-24.21748255074,10.1071583661666,0.663543044311905,-0.499384302911376,-0.557069067846176,"Levallois preferential"
"EXP53_Levallois preferential",-2.83143438660514,58.1930829906136,6.08813286413418,3,-46.3891281806461,50.1124037357116,6.41424377754711,-40.1765592132272,23.7669609602017,-0.941845500815095,28.0497846281186,0.221483660205759,-0.939238683105603,-0.262251185735953,"Levallois preferential"
"EXP53_Levallois preferential",-2.83143438660514,58.1930829906136,6.08813286413418,4,-46.2538631727739,53.577295999722,5.04772823117009,-35.1572495494784,30.4954730078021,-21.3529414266302,36.7817990984036,0.301687625273803,-0.62753382264332,-0.717764500512052,"Levallois preferential"
"EXP53_Levallois preferential",-2.83143438660514,58.1930829906136,6.08813286413418,5,-43.6589795578756,68.4869319839799,2.83243693989568,-41.1701205791911,61.3886352890996,-5.81037112975903,11.4576771779106,0.217221949967547,-0.619523188222226,-0.75432462753596,"Levallois preferential"
"EXP53_Levallois preferential",-2.83143438660514,58.1930829906136,6.08813286413418,6,-37.3978779792143,82.6695726554352,9.17630788575615,-33.9378082053652,84.4998311910831,3.76293428428145,6.68031008983557,0.517950473453875,0.27397808051347,-0.810347652829982,"Levallois preferential"
"EXP53_Levallois preferential",-2.83143438660514,58.1930829906136,6.08813286413418,7,-22.915957889299,96.9452888680232,11.5382990775872,-23.5601900500784,93.4285261697846,6.69816814891211,6.01743486540755,-0.10706092798492,-0.584428876572556,-0.804351195639782,"Levallois preferential"
"EXP53_Levallois preferential",-2.83143438660514,58.1930829906136,6.08813286413418,8,-18.4398006387908,100.486212323405,9.4004165395037,-24.068157371766,64.8177432593962,-19.8054167863388,46.4424244106685,-0.121189985329067,-0.76801479502037,-0.628861083297225,"Levallois preferential"
"EXP53_Levallois preferential",-2.83143438660514,58.1930829906136,6.08813286413418,9,-7.16677389555467,104.462426432271,7.0108956042225,-6.79760326647818,102.035266880143,-4.04514240357362,11.3253417994641,0.0325968642371543,-0.214312256098293,-0.976221133415972,"Levallois preferential"
"EXP53_Levallois preferential",-2.83143438660514,58.1930829906136,6.08813286413418,10,4.592367199181,105.144627543409,5.85392171370749,2.3961688730807,71.8579809806894,-29.3645355420171,48.5094203011362,-0.0452736460767159,-0.686189328919688,-0.72601274220751,"Levallois preferential"
"EXP53_Levallois preferential",-2.83143438660514,58.1930829906136,6.08813286413418,11,33.2727798614855,76.540690963411,11.9785567911655,30.1483882915038,75.7616315036158,2.1817607972029,10.3124181486105,-0.302973708489764,-0.0755457593522988,-0.949999879056752,"Levallois preferential"
"EXP53_Levallois preferential",-2.83143438660514,58.1930829906136,6.08813286413418,12,36.8353147849526,65.7724381425291,7.32110570780869,32.0426241870309,48.8783167721417,-7.01656075879962,22.6704631569911,-0.211406823263059,-0.745204068103812,-0.632438180345993,"Levallois preferential"
"EXP53_Levallois preferential",-2.83143438660514,58.1930829906136,6.08813286413418,13,41.3407348015684,44.8780341759253,10.4753491790676,24.6689434305479,50.4671296064586,-22.0033212404466,36.93305629744,-0.451405679420474,0.151330433785972,-0.879392979501821,"Levallois preferential"
"EXP53_Levallois preferential",-2.83143438660514,58.1930829906136,6.08813286413418,14,28.7526310919109,18.0537787194451,7.36489170209534,18.1690479263099,23.8585755226193,-14.0297535928415,24.5649902472095,-0.430840112660059,0.236303647783195,-0.870940516549451,"Levallois preferential"
"EXP53_Levallois preferential",-2.83143438660514,58.1930829906136,6.08813286413418,15,11.6367513245462,1.18839484710058,10.8833870551055,11.1083000420592,3.37266938376001,2.84528282979644,8.34634264491891,-0.0633153112649452,0.261704393119922,-0.963069043205707,"Levallois preferential"
"EXP53_Levallois preferential",-2.83143438660514,58.1930829906136,6.08813286413418,16,-18.6942879129809,6.47455346250108,17.8985691332628,-17.3743181648915,13.3221586076072,-7.62302590043772,26.4572075137072,0.0498907432844327,0.258818136477876,-0.96463676374304,"Levallois preferential"
"EXP53_Levallois preferential",-2.83143438660514,58.1930829906136,6.08813286413418,17,37.0885062397535,28.5351082560026,2.64589509648543,37.5798589038117,39.2116357947512,8.27741005581768,12.080713077601,0.0406724885279538,0.883766336487553,0.466157496097953,"Levallois preferential"
"EXP53_Levallois preferential",-2.83143438660514,58.1930829906136,6.08813286413418,18,35.4990112587021,36.2651052290383,7.98398691865639,25.5783496610123,33.1958322042109,12.8672653576081,11.4754682583823,-0.864510395071954,-0.267463859053024,0.425540668929537,"Levallois preferential"
"EXP53_Levallois preferential",-2.83143438660514,58.1930829906136,6.08813286413418,19,37.4599708415305,64.3520549025876,9.89298168634333,24.8039885365092,68.8693020775947,15.8614657521718,14.7038162457632,-0.860727724931142,0.307215970296735,0.405913945473048,"Levallois preferential"
"EXP53_Levallois preferential",-2.83143438660514,58.1930829906136,6.08813286413418,20,25.6663566696929,91.2525926967887,10.3311444615229,16.4510562397748,87.7105350415014,14.5480944526793,10.7354832995512,-0.858396419870859,-0.329939282326987,0.392804857824397,"Levallois preferential"
"EXP53_Levallois preferential",-2.83143438660514,58.1930829906136,6.08813286413418,21,21.392022767878,3.45646925576318,7.50000427384949,21.9174535877617,16.1523058974802,10.7238427731694,13.1092898453481,0.0400807996529351,0.968461052542999,0.245920148028761,"Levallois preferential"
"EXP53_Levallois preferential",-2.83143438660514,58.1930829906136,6.08813286413418,22,-39.8133784372989,15.3545498518503,13.0513081678223,-25.0501838966739,23.5026801336701,16.2285612472293,17.1592213478481,0.860365062105591,0.474854313994939,0.185163010313717,"Levallois preferential"
"EXP53_Levallois preferential",-2.83143438660514,58.1930829906136,6.08813286413418,23,-43.2866876389211,67.7346721717126,3.73890015938551,-26.8310075849723,62.1794212567524,14.5143043719665,20.4391671726272,0.805105213679488,-0.271794387121599,0.527193897949607,"Levallois preferential"
"EXP53_Levallois preferential",-2.83143438660514,58.1930829906136,6.08813286413418,24,-20.8152601324256,98.358366750249,11.6080708571572,-10.2903451482285,85.7847364041707,13.7611465355097,16.5380092629406,0.636407612117011,-0.760286812406984,0.130189531528273,"Levallois preferential"
"EXP53_Levallois preferential",-2.83143438660514,58.1930829906136,6.08813286413418,25,-13.070792751186,104.442757395651,7.60218250548187,12.2412473714545,98.4040983484474,11.2121399336071,26.2715924696508,0.963475668704943,-0.229855082221579,0.137409159048713,"Levallois preferential"
"EXP53_Levallois preferential",-2.83143438660514,58.1930829906136,6.08813286413418,26,0.000307244561726705,0.000394247004628312,9.30667221334345,0.000307244561712494,90.1577273254396,13.7246434085437,90.2655148841321,-1.57433929595854e-16,0.998801515663694,0.0489441754237079,"Levallois preferential"
"EXP54_Levallois recurrent",-34.0977809784097,-43.6453522863993,4.14488627292726,1,-44.4164376796001,-61.4001263185436,5.3481038766357,-34.8640948077848,-50.9847787799823,-17.4449564425254,26.8188425813392,0.356180280444389,0.388359322628202,-0.849889783648633,"Levallois recurrent"
"EXP54_Levallois recurrent",-34.0977809784097,-43.6453522863993,4.14488627292726,2,-36.3462741616579,-46.6838071638196,8.57129474650972,-26.0660335550821,-22.5551610714241,11.0648525959183,26.3456398656307,0.390206525975744,0.915849689567517,0.0946478378254008,"Levallois recurrent"
"EXP54_Levallois recurrent",-34.0977809784097,-43.6453522863993,4.14488627292726,3,-64.6539941284238,-19.716451257927,5.05988181641074,-50.3974717225276,-23.8717097906338,-12.8796143475195,23.2881971650689,0.612178018970069,-0.178427660297359,-0.770325673420464,"Levallois recurrent"
"EXP54_Levallois recurrent",-34.0977809784097,-43.6453522863993,4.14488627292726,4,-67.4314720038589,-27.5555257390832,4.06585991206447,-61.6405504901534,-27.5591987899172,-2.30518526690444,8.60958780323787,0.672613096706864,-0.000426623308568011,-0.739994216282097,"Levallois recurrent"
"EXP54_Levallois recurrent",-34.0977809784097,-43.6453522863993,4.14488627292726,5,-43.4846586433294,-5.90996226646476,2.48310038004849,-38.3825674555375,-22.0151843105958,-13.7214759644067,23.4093529616388,0.217950970116635,-0.687982366301321,-0.692226580162632,"Levallois recurrent"
"EXP54_Levallois recurrent",-34.0977809784097,-43.6453522863993,4.14488627292726,6,7.62936773276122,-54.4752517910559,-5.13176002489171,-5.36811147786712,-53.8063057301316,-10.2164377263555,13.9726841369475,-0.930206328522057,0.04787527252229,-0.363901284222015,"Levallois recurrent"
"EXP54_Levallois recurrent",-34.0977809784097,-43.6453522863993,4.14488627292726,7,-30.7658207787936,-68.1344441401252,6.6894219660548,-22.804693274508,-61.4613586305377,-11.189858720702,20.677966515922,0.385005338806191,0.322714784572709,-0.864653720809042,"Levallois recurrent"
"EXP54_Levallois recurrent",-34.0977809784097,-43.6453522863993,4.14488627292726,8,-58.7058748479991,-8.77491086132454,6.52833259066672,-47.6032246689748,-11.2854276694467,7.09323453157527,11.3969579206249,0.974176640499129,-0.22027955403599,0.0495660284825885,"Levallois recurrent"
"EXP54_Levallois recurrent",-34.0977809784097,-43.6453522863993,4.14488627292726,9,-61.0297173332636,-36.4681912529362,6.20451943102066,-57.4203845821325,-24.3203841915795,6.6498165749145,12.6804885100968,0.284636727382956,0.957992040423687,0.035116718377157,"Levallois recurrent"
"EXP54_Levallois recurrent",-34.0977809784097,-43.6453522863993,4.14488627292726,10,-38.7887193428888,-5.89210814438212,2.70231770958425,-33.614571450882,-19.1954250551346,9.60097121777039,15.853752472594,0.326367394782483,-0.839127325454941,0.435143258361809,"Levallois recurrent"
"EXP54_Levallois recurrent",-34.0977809784097,-43.6453522863993,4.14488627292726,11,-5.79097983640779,-70.5900648428129,4.26783544948559,-4.33335556564743,-47.0401448811239,14.4002535786413,25.6785765933532,0.0567642160951263,0.917103791796027,0.394586440269372,"Levallois recurrent"
"EXP54_Levallois recurrent",-34.0977809784097,-43.6453522863993,4.14488627292726,12,-0.00211354088855842,-68.9783232290531,2.43454775096663,-0.00211354088527216,-19.0749416066159,10.8031195735073,50.6002024867848,6.49455929301613e-14,0.986228891781024,0.165386133083681,"Levallois recurrent"
"EXP54_Levallois recurrent",-34.0977809784097,-43.6453522863993,4.14488627292726,13,-1.34523503363141,-69.1188019477597,2.38579023041337,-0.369374772248225,-63.8639557763603,6.53388013431313,6.76552742849013,0.14424008648221,0.776709018911194,0.613121437721448,"Levallois recurrent"
"EXP54_Levallois recurrent",-34.0977809784097,-43.6453522863993,4.14488627292726,14,-32.2370040997538,-67.3369630543023,6.41916198601225,-33.6506950969971,-46.9230845804678,9.11083253683658,20.6390418124085,-0.0684959607181656,0.989090417054216,0.130416449333712,"Levallois recurrent"
"EXP55_Multiplatform",-6.79927802830582,19.3302542920353,-6.17169300130579,1,7.71064788926717,31.8772021689775,-4.75341714788507,14.2571440861652,12.3540391166986,3.71524177783325,22.2649655742383,0.294026782797846,-0.876855748426046,0.380358051643116,"Multiplatform"
"EXP55_Multiplatform",-6.79927802830582,19.3302542920353,-6.17169300130579,2,-17.8324364222794,33.8584044765293,3.84935906252512,-13.0897749263113,6.30415254200959,14.4275028861841,29.8935906924935,0.158651449561698,-0.921744470845342,0.353859927115254,"Multiplatform"
"EXP55_Multiplatform",-6.79927802830582,19.3302542920353,-6.17169300130579,3,10.506983629252,23.2918303526687,-3.7791783228948,-12.4709962673553,12.6989891818029,-25.9311292659842,33.6289276484564,-0.68328018475076,-0.314991940319929,-0.658717137062983,"Multiplatform"
"EXP55_Multiplatform",-6.79927802830582,19.3302542920353,-6.17169300130579,4,13.2949410982599,13.0854940258967,2.52904537081607,3.10547529800029,1.06882253053746,-3.08665503340684,16.7260783853248,-0.609196343908067,-0.718439267025228,-0.335745192318963,"Multiplatform"
"EXP55_Multiplatform",-6.79927802830582,19.3302542920353,-6.17169300130579,5,5.2572261248913,-0.760306834741105,8.743566304139,-9.22072203803551,1.2182369232684,-14.0774775565842,27.0984438908179,-0.534272308080117,0.0730131872509447,-0.842153296797088,"Multiplatform"
"EXP55_Multiplatform",-6.79927802830582,19.3302542920353,-6.17169300130579,6,-31.6887174561987,13.9162093881442,1.36623739500697,2.86281192272827,-1.50172215081728,9.75789781078299,38.7548804655189,0.891540083826816,-0.397831998286748,0.216531706845084,"Multiplatform"
"EXP55_Multiplatform",-6.79927802830582,19.3302542920353,-6.17169300130579,7,-22.8087463615631,15.2655965464875,-12.6395020607653,-10.0644277879349,0.428130962042449,-11.9322748363667,19.5721284285242,0.651146277737208,-0.758091570808473,0.0361344054624076,"Multiplatform"
"EXP55_Multiplatform",-6.79927802830582,19.3302542920353,-6.17169300130579,8,-21.6539983708668,18.2460241031256,-13.1693129598223,-27.1583396360708,24.7535066102709,4.82851332324456,19.9139863477929,-0.276405796864172,0.326779500271502,0.903778177243836,"Multiplatform"
"EXP55_Multiplatform",-6.79927802830582,19.3302542920353,-6.17169300130579,9,-11.1487286505597,17.0561633476944,-25.3305568991605,-18.0185912131741,21.0916960996849,-11.5446830929379,15.9226521918522,-0.431452152558469,0.253446015360151,0.865802608768723,"Multiplatform"
"EXP55_Multiplatform",-6.79927802830582,19.3302542920353,-6.17169300130579,10,0.370048236739134,27.4659253455701,-18.533170755017,-17.3019299799356,34.5084364567478,3.30881468564864,28.9649461389442,-0.610116039294624,0.243139106055814,0.754083412960278,"Multiplatform"
"EXP56_Multiplatform",9.30987096377499,9.9473449970175,1.13129179628698,1,-2.44436449009581,-1.91467758414054,-4.33260977423792,17.7279290687555,1.91793019741663,12.6699445366519,26.6589040083512,0.756681278140019,0.143764641650556,0.637781444637169,"Multiplatform"
"EXP56_Multiplatform",9.30987096377499,9.9473449970175,1.13129179628698,2,8.65240755899814,-2.01974386384537,-9.92750500348106,7.34020017424683,30.5397457058755,-12.8752740084404,32.7189790697686,-0.0401053890450927,0.995125474431593,-0.0900935508615254,"Multiplatform"
"EXP56_Multiplatform",9.30987096377499,9.9473449970175,1.13129179628698,3,34.011225508329,9.22811451684543,-1.14885312386143,12.1654268329328,5.90918673282551,-10.5757157217286,24.0233207496496,-0.909357990223511,-0.138154413313918,-0.392404642809617,"Multiplatform"
"EXP56_Multiplatform",9.30987096377499,9.9473449970175,1.13129179628698,4,1.06745333290121,5.89138108213632,-10.456272901124,-0.224141669139311,29.4689091503918,-12.6861559556251,23.7179346886575,-0.0544564701351586,0.994080149800347,-0.0940167465579329,"Multiplatform"
"EXP56_Multiplatform",9.30987096377499,9.9473449970175,1.13129179628698,5,4.01033431087681,-2.63615029352149,-9.33073297761192,5.54376113707163,18.0404209517201,-12.254151090176,20.9384423907728,0.0732349998904683,0.98749328433109,-0.139619655464554,"Multiplatform"
"EXP56_Multiplatform",9.30987096377499,9.9473449970175,1.13129179628698,6,-3.24272634020704,52.151013864018,-2.45383323038503,9.86193774085919,38.9540193063053,-4.27400346862892,18.6870518201795,0.701269745873714,-0.706210625662294,-0.0974027500837963,"Multiplatform"
"EXP56_Multiplatform",9.30987096377499,9.9473449970175,1.13129179628698,7,24.2731463005982,2.10041164431921,5.24524744564459,28.4925935555453,11.8223487861905,8.95680669181629,11.2292238808219,0.375755911515254,0.865771067088189,0.330526783111928,"Multiplatform"
"EXP56_Multiplatform",9.30987096377499,9.9473449970175,1.13129179628698,8,26.0717979964894,10.5972689178775,10.2260177230111,17.3420780827241,30.7541260072132,11.9709812755474,22.035239851029,-0.396170859622285,0.914755510972777,0.0791896781851837,"Multiplatform"
"EXP56_Multiplatform",9.30987096377499,9.9473449970175,1.13129179628698,9,2.86393899319687,34.6459183976891,17.7345179855389,16.0313708254078,45.4558223441249,4.21873889000327,21.7465300438118,0.605495764413132,0.497086382271452,-0.621514286109368,"Multiplatform"
"EXP56_Multiplatform",9.30987096377499,9.9473449970175,1.13129179628698,10,11.0599246889164,3.5562852897451,14.9228012739951,3.7375485173472,33.608074624081,17.6175596649894,31.0481715690168,-0.2358392073199,0.967908505257192,0.0867928207947491,"Multiplatform"
"EXP56_Multiplatform",9.30987096377499,9.9473449970175,1.13129179628698,11,-3.91455725847835,-2.17902700393073,1.96543234166851,-5.93353362120471,5.24346875932644,1.98509139668263,7.69221004570614,-0.26247025896717,0.96493669818604,0.00255570959416151,"Multiplatform"
"EXP57_Multiplatform",9.22032178719089,21.722684701385,0.56654860013113,1,30.9454046175316,6.63334087099337,7.50171448318835,7.7750582551345,3.36703898739106,11.3008409981826,23.7058440226288,-0.977410732150245,-0.137784669488435,0.160261179115485,"Multiplatform"
"EXP57_Multiplatform",9.22032178719089,21.722684701385,0.56654860013113,2,8.88772283092484,-3.37879122711885,8.81592430779864,-12.1752143179309,-2.21718723386995,8.5454976663349,21.0966768886048,-0.998400708323533,0.0550609936997392,-0.0128184473266406,"Multiplatform"
"EXP57_Multiplatform",9.22032178719089,21.722684701385,0.56654860013113,3,21.6997130392243,40.0557201369986,15.8709594145268,7.17468534666919,17.5544632312195,19.1174956626833,26.9781947027587,-0.538398801424242,-0.834053469985453,0.120339269692665,"Multiplatform"
"EXP57_Multiplatform",9.22032178719089,21.722684701385,0.56654860013113,4,21.1092217992687,40.9017574549733,15.0408581569291,28.2523093855622,40.2384913612814,-10.6823230033267,26.7047874206076,0.267483409389784,-0.0248369733578204,-0.963242311391916,"Multiplatform"
"EXP57_Multiplatform",9.22032178719089,21.722684701385,0.56654860013113,5,7.6802181352254,46.2749137966324,11.8406618910274,12.2940618773552,42.1777846998377,-1.58540974456057,14.7761097883216,0.31225023421093,-0.277280634449054,-0.908633722131613,"Multiplatform"
"EXP57_Multiplatform",9.22032178719089,21.722684701385,0.56654860013113,6,-3.26296814715204,43.5172119858379,5.39181469093235,2.93045128501761,42.0571509171243,-10.3560174295507,16.9848296748029,0.364644188417009,-0.0859626558916655,-0.927170446922114,"Multiplatform"
"EXP57_Multiplatform",9.22032178719089,21.722684701385,0.56654860013113,7,13.9500026976398,44.3508476701821,-3.77556100528479,19.0647248513428,29.3903843030462,-24.7537062127504,26.2689631164709,0.194705901828917,-0.56951099671519,-0.798590531131856,"Multiplatform"
"EXP57_Multiplatform",9.22032178719089,21.722684701385,0.56654860013113,8,1.08637076136788,42.0117844253087,-12.6268199184989,10.2127228767779,27.0613365944521,-26.7332073934047,22.4899168711179,0.405797503286032,-0.664762253970637,-0.62723164143935,"Multiplatform"
"EXP57_Multiplatform",9.22032178719089,21.722684701385,0.56654860013113,9,16.0130854016746,13.1792168906018,-25.3166029166686,20.4168455976306,28.7314867677383,-24.6078628321807,16.1792618713628,0.272185482314908,0.961247181780519,0.043805464682062,"Multiplatform"
"EXP57_Multiplatform",9.22032178719089,21.722684701385,0.56654860013113,10,31.4634076455561,-0.0669776748287205,-10.5981432802512,2.1962629061697,1.56158693616174,-13.5764503407834,29.4633381821405,-0.993341099316674,0.0552742734351001,-0.101085187364734,"Multiplatform"
"EXP57_Multiplatform",9.22032178719089,21.722684701385,0.56654860013113,11,-15.0492236834153,4.25597244640785,6.7289516704919,-5.12338030118571,-1.33436293750436,-6.2864979034258,17.2967090558975,0.573857336106676,-0.323202255749693,-0.752481268653818,"Multiplatform"
"EXP57_Multiplatform",9.22032178719089,21.722684701385,0.56654860013113,12,2.93638563434838,-4.04648787600891,-8.69352673552233,-5.07328314858918,-4.19545632952575,-3.42182427795317,9.58998604866807,-0.835211724218305,-0.0155337508063973,0.549709085166118,"Multiplatform"
"EXP57_Multiplatform",9.22032178719089,21.722684701385,0.56654860013113,13,-18.0576571652532,15.0426377732124,4.96784132873304,7.46880133458303,16.2392571856964,-26.8920383480179,40.8421830290601,0.62500230415386,0.0292986153955725,-0.780072888221522,"Multiplatform"
"EXP57_Multiplatform",9.22032178719089,21.722684701385,0.56654860013113,14,-12.2052035201318,32.7034577848043,-11.4309231802305,6.23011905686027,26.3129124909749,-27.6654552674058,25.3822816105993,0.726306754444557,-0.251771901039847,-0.639600975839621,"Multiplatform"
"EXP57_Multiplatform",9.22032178719089,21.722684701385,0.56654860013113,15,31.1083467610542,4.40566606277841,4.78108009479556,25.4728920260365,26.6378179264762,-23.7202498021523,36.5835035563246,-0.154043604006962,0.607709751731921,-0.779076007661944,"Multiplatform"
"EXP58_Conical bidirectional",3.555238371931,26.8548312410113,-4.22851043678232,1,13.1443016554853,1.25179315132461,8.79781538905448,-8.64332994654822,6.96824853829937,-12.3135087933932,30.8717793745939,-0.705745896200714,0.185167667778785,-0.683838917293551,"Conical bidirectional"
"EXP58_Conical bidirectional",3.555238371931,26.8548312410113,-4.22851043678232,2,15.1713016833289,34.2914526318637,-7.53807594558932,-10.0087894256994,32.6497850419271,-8.91151218004323,25.270900020081,-0.996406581839964,-0.0649627670020495,-0.0543485286777496,"Conical bidirectional"
"EXP58_Conical bidirectional",3.555238371931,26.8548312410113,-4.22851043678232,3,-14.410685474932,31.4754625896716,-1.30341929530211,-2.58935039205517,36.5567930391289,1.15521694642366,13.0999532230983,0.90239521329229,0.387889205626912,0.187682826026479,"Conical bidirectional"
"EXP58_Conical bidirectional",3.555238371931,26.8548312410113,-4.22851043678232,4,-13.6405942096663,5.42097063483341,1.31077738709806,-11.0205078516684,-0.760918614941588,3.73709648031069,7.13916182488805,0.367001956569186,-0.865912470035926,0.33986049801451,"Conical bidirectional"
"EXP58_Conical bidirectional",3.555238371931,26.8548312410113,-4.22851043678232,5,-9.06954885484761,31.3925356059921,-12.025686665563,-11.4772873707423,4.18392285480587,-6.23259547750396,27.9224948405064,-0.0862293476871499,-0.9744334418039,0.207470400519338,"Conical bidirectional"
"EXP58_Conical bidirectional",3.555238371931,26.8548312410113,-4.22851043678232,6,4.22974528453209,25.3554870147917,-19.2718511486693,-5.3867330126366,30.9585753701772,-19.4160840283226,11.1306808903025,-0.863961368755699,0.503391338823408,-0.0129581362609194,"Conical bidirectional"
"EXP58_Conical bidirectional",3.555238371931,26.8548312410113,-4.22851043678232,7,-7.61932539893299,30.8425909539929,-17.0149317800606,-4.95284457365116,9.31870104659731,-15.2387451416236,21.7610384796278,0.122534631229945,-0.989102148206104,0.0816223288286474,"Conical bidirectional"
"EXP58_Conical bidirectional",3.555238371931,26.8548312410113,-4.22851043678232,8,9.20558098291328,32.99978830994,-15.799964585055,5.27399800822896,7.24304713931824,-10.1333090517234,26.6641715669298,-0.147448157720394,-0.965968175908624,0.212519467147431,"Conical bidirectional"
"EXP58_Conical bidirectional",3.555238371931,26.8548312410113,-4.22851043678232,9,14.425683013211,2.3893057427457,6.63075836503627,10.077762961409,12.2355418279105,-7.97457696084519,18.1430039906048,-0.239647197016187,0.542701533343846,-0.805011966785912,"Conical bidirectional"
"EXP58_Conical bidirectional",3.555238371931,26.8548312410113,-4.22851043678232,10,14.0148546260836,33.5555611186616,-9.8445330846349,14.6886979197844,9.32466281243108,0.525675945320885,26.3653509901978,0.0255579109851911,-0.919043266870944,0.39332717526921,"Conical bidirectional"
"EXP58_Conical bidirectional",3.555238371931,26.8548312410113,-4.22851043678232,11,15.6030815901722,36.6146276740045,-3.08538256973907,14.3233005223324,2.7080658555976,7.58454617552312,35.5688087143219,-0.0359804310039923,-0.953266725650958,0.299979929914433,"Conical bidirectional"
"EXP58_Conical bidirectional",3.555238371931,26.8548312410113,-4.22851043678232,12,12.7448567153966,38.8083316086887,1.64118014212058,13.2788105864335,2.8045318211475,10.2085246284451,37.0129449980018,0.0144261385054811,-0.972735344066379,0.231468868169962,"Conical bidirectional"
"EXP58_Conical bidirectional",3.555238371931,26.8548312410113,-4.22851043678232,13,10.1104170073279,38.9680369813268,3.53198604823362,13.3774405782832,26.1358893234118,6.82201247607515,13.6441097336398,0.239445712086322,-0.940489918977786,0.241131630576812,"Conical bidirectional"
"EXP58_Conical bidirectional",3.555238371931,26.8548312410113,-4.22851043678232,14,-14.1363314130381,32.6016933563206,4.77218162811776,-12.0857168056663,0.966761101144686,4.99013394776231,31.7020734695883,0.0646839270415218,-0.997882119146661,0.00687501780770366,"Conical bidirectional"
"EXP59_Conical unidirectional",-11.6914335235723,12.1475122854501,1.90635875008723,1,-21.4292521420879,6.67557979385174,15.6298991806008,-20.6774520786224,1.37898385480612,-12.6025896112008,28.734866543211,0.026163339312365,-0.184326449927328,-0.982516788423086,"Conical unidirectional"
"EXP59_Conical unidirectional",-11.6914335235723,12.1475122854501,1.90635875008723,2,-7.91114419579506,0.188252154799727,3.5408985046307,-12.2578618128825,0.848362065075008,0.636111991307277,5.2694861062847,-0.8248845389123,0.125270262974599,-0.551246640513769,"Conical unidirectional"
"EXP59_Conical unidirectional",-11.6914335235723,12.1475122854501,1.90635875008723,3,-1.95283427179358,0.00762877097305648,6.69995207857806,-7.71279836673416,1.02201426056926,4.37200159655767,6.29488028029501,-0.915023612596909,0.161144524506933,-0.369816482341629,"Conical unidirectional"
"EXP59_Conical unidirectional",-11.6914335235723,12.1475122854501,1.90635875008723,4,-0.958160031846347,-0.35265618446212,-4.37910086310738,-6.10768010505671,0.333599919356956,0.925326895741203,7.42465206412185,-0.693570557749688,0.0924293957336091,0.714434523400925,"Conical unidirectional"
"EXP59_Conical unidirectional",-11.6914335235723,12.1475122854501,1.90635875008723,5,-27.3419895859155,3.78446752307907,-2.8886833177885,-21.4988685444661,46.0071395634672,-7.66178737745451,42.8914749116838,0.136230359377493,0.984407090857267,-0.111283281106423,"Conical unidirectional"
"EXP59_Conical unidirectional",-11.6914335235723,12.1475122854501,1.90635875008723,6,-32.3122925432207,7.63616798003819,7.42304530609992,-21.8551675223298,43.7862178806914,-1.69165617193893,38.7202189373462,0.270068850535472,0.93362204276655,-0.235399017055856,"Conical unidirectional"
"EXP59_Conical unidirectional",-11.6914335235723,12.1475122854501,1.90635875008723,7,-29.0420580661253,21.3449168616947,8.57916470544785,-23.4535854071534,20.1484012810121,15.3909588055728,8.89174983101692,0.628500887359401,-0.134564692374584,0.766080268741194,"Conical unidirectional"
"EXP59_Conical unidirectional",-11.6914335235723,12.1475122854501,1.90635875008723,8,-22.7040717544647,39.5699950323618,4.90407868380922,-9.65773106631248,3.19974803630821,17.153854614595,40.5346627253729,0.321856401681265,-0.897262849883968,0.302204955146154,"Conical unidirectional"
"EXP59_Conical unidirectional",-11.6914335235723,12.1475122854501,1.90635875008723,9,0.0718147994705305,50.189111883827,2.01714973237577,-12.254228390605,53.5707461692929,4.5947603639824,13.0388215622585,-0.945334141679939,0.259351220454936,0.197687392169524,"Conical unidirectional"
"EXP59_Conical unidirectional",-11.6914335235723,12.1475122854501,1.90635875008723,10,-1.01634418593358,45.2430267020187,5.37803200650745,-12.2639494252302,45.4749684270913,8.93528627182649,11.7990032837953,-0.953267404776809,0.0196577388355458,0.301487691778555,"Conical unidirectional"
"EXP59_Conical unidirectional",-11.6914335235723,12.1475122854501,1.90635875008723,11,-4.764530554041,0.230294453492384,10.8401597277168,-4.45279189707477,40.8246876743541,9.40428186761583,40.6209759507242,0.00767432710982586,0.999345591058797,-0.0353481871494864,"Conical unidirectional"
"EXP59_Conical unidirectional",-11.6914335235723,12.1475122854501,1.90635875008723,12,-1.25227626275952,0.40923798271826,6.52000839871911,1.35022296275069,16.8343956060627,10.0003585280902,16.9903396726936,0.15317523225818,0.966735094163099,0.204842881096995,"Conical unidirectional"
"EXP59_Conical unidirectional",-11.6914335235723,12.1475122854501,1.90635875008723,13,-0.0584772453095574,1.06086661740299,-4.20842914991273,-0.177178403716123,48.6863714155638,-1.08811025491261,47.7277611799583,-0.00248704643737638,0.997857507260565,0.065377441092091,"Conical unidirectional"
"EXP59_Conical unidirectional",-11.6914335235723,12.1475122854501,1.90635875008723,14,-5.62742023347383,0.283643947593823,-6.45623187294213,-0.318686311701438,34.4138698380043,-10.70303522005,34.8007228926589,0.152546656520525,0.980733244986994,-0.122032043995377,"Conical unidirectional"
"EXP59_Conical unidirectional",-11.6914335235723,12.1475122854501,1.90635875008723,15,-14.210349079709,16.7472197758322,-12.2884685953915,-11.6753501158534,55.0442941634531,1.93868296182573,40.9329203432854,0.0619305669518732,0.935605719465925,0.34757235589107,"Conical unidirectional"
"EXP59_Conical unidirectional",-11.6914335235723,12.1475122854501,1.90635875008723,16,-16.5535510241521,1.34244327198007,-10.8097345239478,-13.3158150891855,15.9827736608111,-11.9679596187205,15.0387397493562,0.215293035781492,0.973507796054374,-0.0770161006890377,"Conical unidirectional"
"EXP60_Subconical unidirectional",-16.3995970848639,9.82696245511428,0.366502709810307,1,-31.5370056291079,0.818461960555151,-0.178109545624004,-34.673570011308,13.1748435834591,10.1763404685814,16.423545233329,-0.190979739005124,0.752357755122728,0.630463755973508,"Subconical unidirectional"
"EXP60_Subconical unidirectional",-16.3995970848639,9.82696245511428,0.366502709810307,2,-28.3867246617938,-6.63208040349895,-8.58850556064031,-30.0104364410297,-0.0936133009131602,-0.691650623950146,10.3801883357073,-0.156424115509576,0.629898696548098,0.760762202119726,"Subconical unidirectional"
"EXP60_Subconical unidirectional",-16.3995970848639,9.82696245511428,0.366502709810307,3,-21.4837821947906,-10.1973365952939,-6.1800751072807,-24.2864414953776,-2.40334709886715,4.36129424934882,13.4060299618666,-0.209059602921902,0.581379388125846,0.786315515228177,"Subconical unidirectional"
"EXP60_Subconical unidirectional",-16.3995970848639,9.82696245511428,0.366502709810307,4,-13.531159061138,-12.5533524567209,-3.19725927106617,-24.2792685674584,6.99305846372314,12.5300794009079,27.2934647770062,-0.393797914414122,0.716157185617239,0.576230932952998,"Subconical unidirectional"
"EXP60_Subconical unidirectional",-16.3995970848639,9.82696245511428,0.366502709810307,5,1.94836296680051,-3.1777766791586,17.186639328521,-11.9191835781871,1.04568336658858,15.4567982762412,14.5992743655832,-0.949879165068606,0.289292463446246,-0.118488152832976,"Subconical unidirectional"
"EXP60_Subconical unidirectional",-16.3995970848639,9.82696245511428,0.366502709810307,6,2.33012597957315,-4.25509470713888,13.3541764747122,-11.9374991763819,-5.21388046550087,7.68258112394287,15.3834778754399,-0.92746421007526,-0.0623256825358531,-0.368680957368176,"Subconical unidirectional"
"EXP60_Subconical unidirectional",-16.3995970848639,9.82696245511428,0.366502709810307,7,-29.3582811787862,32.1912971838771,5.57496777811668,-25.9773058278146,30.9450162099518,6.66617634164833,3.76496304350662,0.89801023593119,-0.331020772189198,0.289832476686231,"Subconical unidirectional"
"EXP60_Subconical unidirectional",-16.3995970848639,9.82696245511428,0.366502709810307,8,-24.0716874445578,7.53319922290682,12.8934705535157,-20.0250955737099,31.2382476868604,10.8760208338251,24.1324331930926,0.167682713072056,0.982290027461408,-0.0835991009919394,"Subconical unidirectional"
"EXP60_Subconical unidirectional",-16.3995970848639,9.82696245511428,0.366502709810307,9,-1.17996925230804,30.9145622520862,13.3892837057736,-1.4068424994232,10.6993274171092,20.0987739038938,21.3008086612268,-0.0106509217900318,-0.949036027527637,0.314987581214856,"Subconical unidirectional"
"EXP60_Subconical unidirectional",-16.3995970848639,9.82696245511428,0.366502709810307,10,-4.64156690998944,50.8904473086849,3.13606669176289,0.86727263262215,30.8554846648112,12.7881746184069,22.9109194201201,0.240446026699993,-0.874472223331167,0.421288545852402,"Subconical unidirectional"
"EXP60_Subconical unidirectional",-16.3995970848639,9.82696245511428,0.366502709810307,11,-16.4528517572614,45.7543931731906,3.61900908948122,-5.88733489517951,26.4916259625626,14.9298568340953,24.7107188053205,0.427568171744441,-0.77953083284977,0.457730421916285,"Subconical unidirectional"
"EXP60_Subconical unidirectional",-16.3995970848639,9.82696245511428,0.366502709810307,12,-32.7206764134507,28.6462797059661,3.03867420198684,-5.29453125224836,50.0094707244379,0.804559389004709,34.8363407649632,0.787285477147078,0.613244403670487,-0.0641317303690259,"Subconical unidirectional"
"EXP60_Subconical unidirectional",-16.3995970848639,9.82696245511428,0.366502709810307,13,3.16050594611615,37.1157178405708,-13.7943864040007,-12.4687071187527,35.9795170021173,-11.540449143136,15.83172405483,-0.987208532105548,-0.0717673472906975,0.142368402396267,"Subconical unidirectional"
"EXP60_Subconical unidirectional",-16.3995970848639,9.82696245511428,0.366502709810307,14,-10.9792852133802,46.7496953576281,-4.17932368290745,-10.6887432735304,39.1097905739194,-10.1622435398053,9.70813523479196,0.0299276774399066,-0.786959039912097,-0.616278998201044,"Subconical unidirectional"
"EXP60_Subconical unidirectional",-16.3995970848639,9.82696245511428,0.366502709810307,15,-41.5433794570493,15.8525774433454,6.41732315735596,-17.8240240677515,37.4256394156516,-7.7066310823214,35.0355663049604,0.677007906275504,0.615747488838274,-0.403131895078792,"Subconical unidirectional"
"EXP60_Subconical unidirectional",-16.3995970848639,9.82696245511428,0.366502709810307,16,-40.8540222520052,8.75276395836486,0.729743638456839,-16.5134540465169,34.5586479883689,-10.9566481505815,37.3494131705299,0.651698812357619,0.690931445486964,-0.312893585119546,"Subconical unidirectional"
"EXP60_Subconical unidirectional",-16.3995970848639,9.82696245511428,0.366502709810307,17,-10.6720962131465,34.8645094400686,-12.6843417412009,-4.94401145533291,27.7429714650092,-17.148864155397,10.1714904763151,0.563150972922971,-0.700146944210618,-0.438925094074656,"Subconical unidirectional"
"EXP60_Subconical unidirectional",-16.3995970848639,9.82696245511428,0.366502709810307,18,-37.8746482162277,2.21052926684835,-6.52773221105651,-15.5533838979684,30.371878015265,-13.1344969537899,36.5369640838066,0.610922797719593,0.770763238122949,-0.180824129984614,"Subconical unidirectional"
"EXP60_Subconical unidirectional",-16.3995970848639,9.82696245511428,0.366502709810307,19,-33.6897458533152,-2.48047092385266,-8.94827359351677,-19.0544843527229,18.5018316205938,-14.2524509015452,26.1262740583575,0.560174078703375,0.803111170677412,-0.203020809480165,"Subconical unidirectional"
"EXP60_Subconical unidirectional",-16.3995970848639,9.82696245511428,0.366502709810307,20,-28.362479235864,-6.02498279425868,-9.05299073713359,0.100144381537895,28.359982747746,-18.0673391831296,45.5379542405735,0.625030792271345,0.75508366845712,-0.197952424440806,"Subconical unidirectional"
"EXP60_Subconical unidirectional",-16.3995970848639,9.82696245511428,0.366502709810307,21,-19.9638036415806,-10.5916259998781,-6.97737588811325,6.08475874680146,27.962765126039,-18.4029541807143,47.9115071450689,0.543680713476847,0.804700027681871,-0.238472529323824,"Subconical unidirectional"
"EXP60_Subconical unidirectional",-16.3995970848639,9.82696245511428,0.366502709810307,22,-7.39016971551126,-6.25987121656197,-8.66885020556805,9.34007111749581,29.2569060488313,-17.4541753148407,40.2308881697334,0.415855617266576,0.882823593542074,-0.218372636274086,"Subconical unidirectional"
"EXP60_Subconical unidirectional",-16.3995970848639,9.82696245511428,0.366502709810307,23,-7.34695493755687,-12.0765919601021,-0.0489709379769714,10.2745697345493,28.0339241492856,-16.1265709477034,46.6675567863142,0.377596897836184,0.859494665492123,-0.344513428961882,"Subconical unidirectional"
"EXP60_Subconical unidirectional",-16.3995970848639,9.82696245511428,0.366502709810307,24,6.22702519222569,1.55268078396879,-1.37782317476993,10.6841217788395,14.1120587382583,-6.36456923834246,14.2292417536443,0.313235003226527,0.882645623128365,-0.35045761045527,"Subconical unidirectional"
"EXP60_Subconical unidirectional",-16.3995970848639,9.82696245511428,0.366502709810307,25,-0.495329479889198,-9.60303155027777,8.5453134500249,3.15201669828709,0.086631389400086,-0.546463715791834,13.7787196089074,0.264708643596928,0.70323391539326,-0.65984194641273,"Subconical unidirectional"
"EXP60_Subconical unidirectional",-16.3995970848639,9.82696245511428,0.366502709810307,26,2.48007442753413,-4.49387577834784,12.0484204462156,10.4050973881558,9.76791026515686,-2.33397694674587,21.7498939042505,0.364370649140175,0.655717499418128,-0.661262875868595,"Subconical unidirectional"
